country,year,cluster,region,fertility,life_expect
Afghanistan,1955,0,South Asia,7.42,43.88
Afghanistan,1960,0,South Asia,7.38,45.03
Afghanistan,1965,0,South Asia,7.35,46.13
Afghanistan,1970,0,South Asia,7.4,47.08
Afghanistan,1975,0,South Asia,7.54,47.55
Afghanistan,1980,0,South Asia,7.59,43.68
Afghanistan,1985,0,South Asia,7.52,42.03
Afghanistan,1990,0,South Asia,7.57,53.83
Afghanistan,1995,0,South Asia,7.71,54.33
Afghanistan,2000,0,South Asia,7.53,54.73
Afghanistan,2005,0,South Asia,6.91,57.63
Argentina,1955,3,Americas,3.14,64.51
Argentina,1960,3,Americas,3.08,65.26
Argentina,1965,3,Americas,3.06,66.13
Argentina,1970,3,Americas,3.09,66.13
Argentina,1975,3,Americas,3.3,68.03
Argentina,1980,3,Americas,3.3,70.23
Argentina,1985,3,Americas,3.1,71.73
Argentina,1990,3,Americas,3.03,72.47
Argentina,1995,3,Americas,2.86,73.44
Argentina,2000,3,Americas,2.59,74.22
Argentina,2005,3,Americas,2.43,75.28
Australia,1955,4,East Asia & Pacific,3.27,70.34
Australia,1960,4,East Asia & Pacific,3.45,71.11
Australia,1965,4,East Asia & Pacific,2.98,71.1
Australia,1970,4,East Asia & Pacific,2.86,71.15
Australia,1975,4,East Asia & Pacific,2.16,72.51
Australia,1980,4,East Asia & Pacific,1.9,74.51
Australia,1985,4,East Asia & Pacific,1.92,75.59
Australia,1990,4,East Asia & Pacific,1.9,77.0
Australia,1995,4,East Asia & Pacific,1.83,78.29
Australia,2000,4,East Asia & Pacific,1.77,79.72
Australia,2005,4,East Asia & Pacific,1.84,81.24
Austria,1955,1,Europe & Central Asia,2.29,67.68
Austria,1960,1,Europe & Central Asia,2.7,68.96
Austria,1965,1,Europe & Central Asia,2.7,70.09
Austria,1970,1,Europe & Central Asia,2.3,70.21
Austria,1975,1,Europe & Central Asia,1.82,71.44
Austria,1980,1,Europe & Central Asia,1.65,72.84
Austria,1985,1,Europe & Central Asia,1.48,74.26
Austria,1990,1,Europe & Central Asia,1.46,75.97
Austria,1995,1,Europe & Central Asia,1.44,77.03
Austria,2000,1,Europe & Central Asia,1.36,78.49
Austria,2005,1,Europe & Central Asia,1.41,79.75
Bahamas,1955,3,Americas,4.5,60.03
Bahamas,1960,3,Americas,4.74,61.93
Bahamas,1965,3,Americas,4.48,63.28
Bahamas,1970,3,Americas,4.07,65.4
Bahamas,1975,3,Americas,3.26,68.21
Bahamas,1980,3,Americas,2.9,68.62
Bahamas,1985,3,Americas,2.63,70.21
Bahamas,1990,3,Americas,2.53,70.86
Bahamas,1995,3,Americas,2.5,70.77
Bahamas,2000,3,Americas,2.1,71.25
Bahamas,2005,3,Americas,2.05,73.18
Bangladesh,1955,0,South Asia,6.49,41.87
Bangladesh,1960,0,South Asia,6.77,43.82
Bangladesh,1965,0,South Asia,6.84,45.87
Bangladesh,1970,0,South Asia,6.88,42.2
Bangladesh,1975,0,South Asia,6.74,50.62
Bangladesh,1980,0,South Asia,6.32,53.22
Bangladesh,1985,0,South Asia,5.54,53.75
Bangladesh,1990,0,South Asia,4.48,58.19
Bangladesh,1995,0,South Asia,3.61,62.24
Bangladesh,2000,0,South Asia,3.22,65.47
Bangladesh,2005,0,South Asia,2.81,67.44
Barbados,1955,3,Americas,4.34,62.11
Barbados,1960,3,Americas,4.33,66.14
Barbados,1965,3,Americas,3.96,68.23
Barbados,1970,3,Americas,3.11,69.18
Barbados,1975,3,Americas,2.39,70.33
Barbados,1980,3,Americas,2.0,72.96
Barbados,1985,3,Americas,1.83,73.95
Barbados,1990,3,Americas,1.74,73.86
Barbados,1995,3,Americas,1.73,73.9
Barbados,2000,3,Americas,1.78,74.74
Barbados,2005,3,Americas,1.79,75.24
Belgium,1955,1,Europe & Central Asia,2.4,68.8
Belgium,1960,1,Europe & Central Asia,2.56,70.07
Belgium,1965,1,Europe & Central Asia,2.61,70.76
Belgium,1970,1,Europe & Central Asia,2.25,71.1
Belgium,1975,1,Europe & Central Asia,1.74,72.15
Belgium,1980,1,Europe & Central Asia,1.68,73.33
Belgium,1985,1,Europe & Central Asia,1.51,74.61
Belgium,1990,1,Europe & Central Asia,1.62,76.15
Belgium,1995,1,Europe & Central Asia,1.56,77.01
Belgium,2000,1,Europe & Central Asia,1.66,78.04
Belgium,2005,1,Europe & Central Asia,1.76,79.32
Bolivia,1955,3,Americas,6.47,40.53
Bolivia,1960,3,Americas,6.44,43.0
Bolivia,1965,3,Americas,6.26,46.17
Bolivia,1970,3,Americas,6.0,50.09
Bolivia,1975,3,Americas,5.79,53.66
Bolivia,1980,3,Americas,5.47,56.76
Bolivia,1985,3,Americas,5.19,59.14
Bolivia,1990,3,Americas,4.89,61.69
Bolivia,1995,3,Americas,4.41,64.02
Bolivia,2000,3,Americas,3.99,66.53
Bolivia,2005,3,Americas,3.56,68.97
Brazil,1955,3,Americas,6.11,49.94
Brazil,1960,3,Americas,6.1,52.44
Brazil,1965,3,Americas,5.69,54.83
Brazil,1970,3,Americas,4.97,56.94
Brazil,1975,3,Americas,4.42,59.78
Brazil,1980,3,Americas,4.04,62.74
Brazil,1985,3,Americas,3.47,64.61
Brazil,1990,3,Americas,2.91,67.29
Brazil,1995,3,Americas,2.58,69.17
Brazil,2000,3,Americas,2.26,71.18
Brazil,2005,3,Americas,1.97,72.81
Canada,1955,3,Americas,3.82,70.33
Canada,1960,3,Americas,3.9,71.15
Canada,1965,3,Americas,3.14,71.9
Canada,1970,3,Americas,2.33,72.76
Canada,1975,3,Americas,1.85,73.63
Canada,1980,3,Americas,1.74,75.21
Canada,1985,3,Americas,1.67,76.38
Canada,1990,3,Americas,1.81,77.43
Canada,1995,3,Americas,1.68,78.12
Canada,2000,3,Americas,1.49,79.36
Canada,2005,3,Americas,1.54,80.43
Chile,1955,3,Americas,4.97,54.83
Chile,1960,3,Americas,4.92,54.2
Chile,1965,3,Americas,4.44,58.7
Chile,1970,3,Americas,3.78,61.99
Chile,1975,3,Americas,3.18,66.15
Chile,1980,3,Americas,2.74,69.44
Chile,1985,3,Americas,2.59,71.95
Chile,1990,3,Americas,2.58,73.43
Chile,1995,3,Americas,2.3,75.28
Chile,2000,3,Americas,1.99,76.93
Chile,2005,3,Americas,1.8,77.89
China,1955,4,East Asia & Pacific,6.16,53.92
China,1960,4,East Asia & Pacific,4.33,27.79
China,1965,4,East Asia & Pacific,6.53,58.47
China,1970,4,East Asia & Pacific,6.09,60.88
China,1975,4,East Asia & Pacific,3.57,62.81
China,1980,4,East Asia & Pacific,2.74,64.41
China,1985,4,East Asia & Pacific,2.63,66.59
China,1990,4,East Asia & Pacific,2.51,68.09
China,1995,4,East Asia & Pacific,1.59,69.75
China,2000,4,East Asia & Pacific,1.63,71.33
China,2005,4,East Asia & Pacific,1.62,72.98
Colombia,1955,3,Americas,6.67,57.49
Colombia,1960,3,Americas,6.75,59.26
Colombia,1965,3,Americas,6.36,61.58
Colombia,1970,3,Americas,5.28,65.93
Colombia,1975,3,Americas,4.4,66.27
Colombia,1980,3,Americas,3.86,68.92
Colombia,1985,3,Americas,3.34,67.21
Colombia,1990,3,Americas,3.08,71.45
Colombia,1995,3,Americas,2.86,72.55
Colombia,2000,3,Americas,2.57,74.23
Colombia,2005,3,Americas,2.26,76.52
Costa Rica,1955,3,Americas,6.71,61.93
Costa Rica,1960,3,Americas,6.86,65.35
Costa Rica,1965,3,Americas,6.04,65.49
Costa Rica,1970,3,Americas,4.59,67.04
Costa Rica,1975,3,Americas,3.8,71.6
Costa Rica,1980,3,Americas,3.59,74.68
Costa Rica,1985,3,Americas,3.51,75.71
Costa Rica,1990,3,Americas,3.21,76.94
Costa Rica,1995,3,Americas,2.8,76.53
Costa Rica,2000,3,Americas,2.41,77.9
Costa Rica,2005,3,Americas,2.04,79.44
Croatia,1955,1,Europe & Central Asia,2.57,60.23
Croatia,1960,1,Europe & Central Asia,2.26,64.71
Croatia,1965,1,Europe & Central Asia,2.21,67.64
Croatia,1970,1,Europe & Central Asia,1.92,68.67
Croatia,1975,1,Europe & Central Asia,1.96,70.58
Croatia,1980,1,Europe & Central Asia,1.92,70.67
Croatia,1985,1,Europe & Central Asia,1.82,71.32
Croatia,1990,1,Europe & Central Asia,1.63,72.46
Croatia,1995,1,Europe & Central Asia,1.63,73.01
Croatia,2000,1,Europe & Central Asia,1.47,74.65
Croatia,2005,1,Europe & Central Asia,1.5,75.57
Cuba,1955,3,Americas,3.82,67.12
Cuba,1960,3,Americas,4.14,69.27
Cuba,1965,3,Americas,4.48,69.81
Cuba,1970,3,Americas,4.0,70.78
Cuba,1975,3,Americas,2.85,73.15
Cuba,1980,3,Americas,1.62,73.57
Cuba,1985,3,Americas,1.76,74.15
Cuba,1990,3,Americas,1.8,75.01
Cuba,1995,3,Americas,1.47,75.39
Cuba,2000,3,Americas,1.58,77.01
Cuba,2005,3,Americas,1.47,77.68
Dominican Republic,1955,3,Americas,7.67,60.36
Dominican Republic,1960,3,Americas,7.56,61.92
Dominican Republic,1965,3,Americas,7.05,61.62
Dominican Republic,1970,3,Americas,6.18,64.88
Dominican Republic,1975,3,Americas,5.24,67.18
Dominican Republic,1980,3,Americas,4.3,69.25
Dominican Republic,1985,3,Americas,3.69,70.24
Dominican Republic,1990,3,Americas,3.41,71.97
Dominican Republic,1995,3,Americas,3.1,73.71
Dominican Republic,2000,3,Americas,2.86,73.66
Dominican Republic,2005,3,Americas,2.61,72.56
Ecuador,1955,3,Americas,6.75,53.94
Ecuador,1960,3,Americas,6.71,56.1
Ecuador,1965,3,Americas,6.56,59.75
Ecuador,1970,3,Americas,6.14,61.35
Ecuador,1975,3,Americas,5.43,64.09
Ecuador,1980,3,Americas,4.73,67.01
Ecuador,1985,3,Americas,4.2,69.88
Ecuador,1990,3,Americas,3.74,71.95
Ecuador,1995,3,Americas,3.4,73.63
Ecuador,2000,3,Americas,3.1,74.46
Ecuador,2005,3,Americas,2.8,73.61
Egypt,1955,5,Middle East & N. Africa,6.83,43.8
Egypt,1960,5,Middle East & N. Africa,6.75,46.87
Egypt,1965,5,Middle East & N. Africa,6.5,50.67
Egypt,1970,5,Middle East & N. Africa,6.12,51.25
Egypt,1975,5,Middle East & N. Africa,5.8,54.43
Egypt,1980,5,Middle East & N. Africa,5.58,58.48
Egypt,1985,5,Middle East & N. Africa,5.16,60.12
Egypt,1990,5,Middle East & N. Africa,4.48,63.92
Egypt,1995,5,Middle East & N. Africa,3.84,66.38
Egypt,2000,5,Middle East & N. Africa,3.44,68.54
Egypt,2005,5,Middle East & N. Africa,3.15,68.78
El Salvador,1955,3,Americas,6.47,48.83
El Salvador,1960,3,Americas,6.66,53.46
El Salvador,1965,3,Americas,6.65,56.44
El Salvador,1970,3,Americas,6.18,57.81
El Salvador,1975,3,Americas,5.68,62.42
El Salvador,1980,3,Americas,5.11,63.81
El Salvador,1985,3,Americas,4.35,65.59
El Salvador,1990,3,Americas,3.95,69.8
El Salvador,1995,3,Americas,3.58,71.59
El Salvador,2000,3,Americas,3.14,73.07
El Salvador,2005,3,Americas,2.46,73.58
Finland,1955,1,Europe & Central Asia,2.93,67.73
Finland,1960,1,Europe & Central Asia,2.72,69.22
Finland,1965,1,Europe & Central Asia,2.47,69.56
Finland,1970,1,Europe & Central Asia,1.82,70.66
Finland,1975,1,Europe & Central Asia,1.68,72.17
Finland,1980,1,Europe & Central Asia,1.63,74.01
Finland,1985,1,Europe & Central Asia,1.64,74.88
Finland,1990,1,Europe & Central Asia,1.78,75.43
Finland,1995,1,Europe & Central Asia,1.81,76.94
Finland,2000,1,Europe & Central Asia,1.73,78.04
Finland,2005,1,Europe & Central Asia,1.8,79.32
France,1955,1,Europe & Central Asia,2.7,69.33
France,1960,1,Europe & Central Asia,2.74,71.19
France,1965,1,Europe & Central Asia,2.82,71.83
France,1970,1,Europe & Central Asia,2.5,72.6
France,1975,1,Europe & Central Asia,1.95,73.34
France,1980,1,Europe & Central Asia,1.96,74.68
France,1985,1,Europe & Central Asia,1.82,75.77
France,1990,1,Europe & Central Asia,1.78,77.21
France,1995,1,Europe & Central Asia,1.71,78.19
France,2000,1,Europe & Central Asia,1.88,79.19
France,2005,1,Europe & Central Asia,1.92,80.56
Georgia,1955,1,Europe & Central Asia,2.88,54.29
Georgia,1960,1,Europe & Central Asia,2.95,59.25
Georgia,1965,1,Europe & Central Asia,2.78,62.95
Georgia,1970,1,Europe & Central Asia,2.67,65.36
Georgia,1975,1,Europe & Central Asia,2.53,66.74
Georgia,1980,1,Europe & Central Asia,2.33,68.54
Georgia,1985,1,Europe & Central Asia,2.34,69.06
Georgia,1990,1,Europe & Central Asia,2.31,68.53
Georgia,1995,1,Europe & Central Asia,1.85,69.98
Georgia,2000,1,Europe & Central Asia,1.6,70.68
Georgia,2005,1,Europe & Central Asia,1.61,71.05
Germany,1955,1,Europe & Central Asia,2.18,68.53
Germany,1960,1,Europe & Central Asia,2.39,69.41
Germany,1965,1,Europe & Central Asia,2.49,70.68
Germany,1970,1,Europe & Central Asia,2.04,70.61
Germany,1975,1,Europe & Central Asia,1.48,71.67
Germany,1980,1,Europe & Central Asia,1.54,73.26
Germany,1985,1,Europe & Central Asia,1.39,74.83
Germany,1990,1,Europe & Central Asia,1.44,75.66
Germany,1995,1,Europe & Central Asia,1.25,76.87
Germany,2000,1,Europe & Central Asia,1.38,78.39
Germany,2005,1,Europe & Central Asia,1.34,79.64
Greece,1955,1,Europe & Central Asia,2.38,71.5
Greece,1960,1,Europe & Central Asia,2.29,72.43
Greece,1965,1,Europe & Central Asia,2.34,73.01
Greece,1970,1,Europe & Central Asia,2.47,73.82
Greece,1975,1,Europe & Central Asia,2.44,74.63
Greece,1980,1,Europe & Central Asia,2.32,75.3
Greece,1985,1,Europe & Central Asia,1.78,75.86
Greece,1990,1,Europe & Central Asia,1.49,77.23
Greece,1995,1,Europe & Central Asia,1.39,77.75
Greece,2000,1,Europe & Central Asia,1.33,78.44
Greece,2005,1,Europe & Central Asia,1.35,79.43
Grenada,1955,3,Americas,6.43,61.2
Grenada,1960,3,Americas,6.74,64.11
Grenada,1965,3,Americas,5.6,65.58
Grenada,1970,3,Americas,4.52,66.98
Grenada,1975,3,Americas,4.02,69.02
Grenada,1980,3,Americas,3.63,69.31
Grenada,1985,3,Americas,3.54,69.55
Grenada,1990,3,Americas,3.49,69.21
Grenada,1995,3,Americas,2.99,70.7
Grenada,2000,3,Americas,2.58,71.97
Grenada,2005,3,Americas,2.34,72.38
Haiti,1955,3,Americas,6.26,43.97
Haiti,1960,3,Americas,6.24,45.41
Haiti,1965,3,Americas,6.13,46.51
Haiti,1970,3,Americas,5.87,47.96
Haiti,1975,3,Americas,5.69,49.73
Haiti,1980,3,Americas,5.65,51.28
Haiti,1985,3,Americas,5.62,53.05
Haiti,1990,3,Americas,5.48,54.57
Haiti,1995,3,Americas,4.88,55.35
Haiti,2000,3,Americas,4.39,57.43
Haiti,2005,3,Americas,3.83,59.05
Hong Kong,1955,4,East Asia & Pacific,4.5,62.97
Hong Kong,1960,4,East Asia & Pacific,5.09,66.24
Hong Kong,1965,4,East Asia & Pacific,4.87,69.63
Hong Kong,1970,4,East Asia & Pacific,3.49,71.31
Hong Kong,1975,4,East Asia & Pacific,2.7,73.61
Hong Kong,1980,4,East Asia & Pacific,1.86,74.85
Hong Kong,1985,4,East Asia & Pacific,1.5,76.6
Hong Kong,1990,4,East Asia & Pacific,1.29,77.47
Hong Kong,1995,4,East Asia & Pacific,1.3,79.15
Hong Kong,2000,4,East Asia & Pacific,1.03,80.75
Hong Kong,2005,4,East Asia & Pacific,0.96,81.77
Iceland,1955,1,Europe & Central Asia,4.08,72.71
Iceland,1960,1,Europe & Central Asia,4.23,73.38
Iceland,1965,1,Europe & Central Asia,3.71,73.72
Iceland,1970,1,Europe & Central Asia,2.82,73.93
Iceland,1975,1,Europe & Central Asia,2.64,75.67
Iceland,1980,1,Europe & Central Asia,2.48,76.49
Iceland,1985,1,Europe & Central Asia,1.94,77.26
Iceland,1990,1,Europe & Central Asia,2.29,78.11
Iceland,1995,1,Europe & Central Asia,2.08,78.38
Iceland,2000,1,Europe & Central Asia,2.07,80.35
Iceland,2005,1,Europe & Central Asia,2.05,81.61
India,1955,0,South Asia,5.91,45.84
India,1960,0,South Asia,5.91,45.75
India,1965,0,South Asia,5.92,45.71
India,1970,0,South Asia,5.62,49.33
India,1975,0,South Asia,5.2,51.59
India,1980,0,South Asia,4.78,55.17
India,1985,0,South Asia,4.43,57.3
India,1990,0,South Asia,4.05,59.58
India,1995,0,South Asia,3.65,61.74
India,2000,0,South Asia,3.35,62.94
India,2005,0,South Asia,2.96,65.39
Indonesia,1955,4,East Asia & Pacific,5.46,45.7
Indonesia,1960,4,East Asia & Pacific,5.58,48.63
Indonesia,1965,4,East Asia & Pacific,5.62,51.24
Indonesia,1970,4,East Asia & Pacific,5.45,54.09
Indonesia,1975,4,East Asia & Pacific,5.04,56.92
Indonesia,1980,4,East Asia & Pacific,4.49,59.71
Indonesia,1985,4,East Asia & Pacific,3.71,62.11
Indonesia,1990,4,East Asia & Pacific,3.1,64.05
Indonesia,1995,4,East Asia & Pacific,2.8,66.04
Indonesia,2000,4,East Asia & Pacific,2.54,67.24
Indonesia,2005,4,East Asia & Pacific,2.43,68.26
Iran,1955,5,Middle East & N. Africa,6.99,41.21
Iran,1960,5,Middle East & N. Africa,7.21,44.48
Iran,1965,5,Middle East & N. Africa,7.07,48.71
Iran,1970,5,Middle East & N. Africa,6.71,54.51
Iran,1975,5,Middle East & N. Africa,6.01,61.47
Iran,1980,5,Middle East & N. Africa,6.58,64.7
Iran,1985,5,Middle East & N. Africa,6.26,66.31
Iran,1990,5,Middle East & N. Africa,4.86,66.68
Iran,1995,5,Middle East & N. Africa,2.89,70.37
Iran,2000,5,Middle East & N. Africa,2.02,71.94
Iran,2005,5,Middle East & N. Africa,1.78,73.55
Iraq,1955,5,Middle East & N. Africa,6.19,58.52
Iraq,1960,5,Middle East & N. Africa,5.54,60.49
Iraq,1965,5,Middle East & N. Africa,6.96,61.13
Iraq,1970,5,Middle East & N. Africa,7.08,62.78
Iraq,1975,5,Middle East & N. Africa,6.88,64.23
Iraq,1980,5,Middle East & N. Africa,6.57,64.51
Iraq,1985,5,Middle East & N. Africa,6.25,62.73
Iraq,1990,5,Middle East & N. Africa,5.88,67.0
Iraq,1995,5,Middle East & N. Africa,5.4,67.16
Iraq,2000,5,Middle East & N. Africa,4.95,68.64
Iraq,2005,5,Middle East & N. Africa,4.48,67.68
Ireland,1955,1,Europe & Central Asia,3.41,68.52
Ireland,1960,1,Europe & Central Asia,3.8,70.12
Ireland,1965,1,Europe & Central Asia,4.02,70.75
Ireland,1970,1,Europe & Central Asia,3.85,71.23
Ireland,1975,1,Europe & Central Asia,3.37,71.74
Ireland,1980,1,Europe & Central Asia,3.2,72.69
Ireland,1985,1,Europe & Central Asia,2.48,73.8
Ireland,1990,1,Europe & Central Asia,2.11,74.98
Ireland,1995,1,Europe & Central Asia,1.85,75.74
Ireland,2000,1,Europe & Central Asia,1.89,76.77
Ireland,2005,1,Europe & Central Asia,1.87,79.1
Israel,1955,5,Middle East & N. Africa,4.06,70.25
Israel,1960,5,Middle East & N. Africa,4.0,71.82
Israel,1965,5,Middle East & N. Africa,4.02,71.68
Israel,1970,5,Middle East & N. Africa,4.11,71.7
Israel,1975,5,Middle East & N. Africa,3.84,72.4
Israel,1980,5,Middle East & N. Africa,3.3,74.16
Israel,1985,5,Middle East & N. Africa,3.27,75.58
Israel,1990,5,Middle East & N. Africa,3.18,77.31
Israel,1995,5,Middle East & N. Africa,2.94,77.8
Israel,2000,5,Middle East & N. Africa,2.95,78.87
Israel,2005,5,Middle East & N. Africa,2.84,80.27
Italy,1955,1,Europe & Central Asia,2.31,68.43
Italy,1960,1,Europe & Central Asia,2.38,69.86
Italy,1965,1,Europe & Central Asia,2.59,70.87
Italy,1970,1,Europe & Central Asia,2.39,71.81
Italy,1975,1,Europe & Central Asia,2.17,72.86
Italy,1980,1,Europe & Central Asia,1.64,74.2
Italy,1985,1,Europe & Central Asia,1.42,75.79
Italy,1990,1,Europe & Central Asia,1.33,77.16
Italy,1995,1,Europe & Central Asia,1.19,78.22
Italy,2000,1,Europe & Central Asia,1.25,79.64
Italy,2005,1,Europe & Central Asia,1.34,80.99
Jamaica,1955,3,Americas,4.6,62.15
Jamaica,1960,3,Americas,5.54,65.14
Jamaica,1965,3,Americas,5.76,66.84
Jamaica,1970,3,Americas,5.64,68.87
Jamaica,1975,3,Americas,4.5,71.03
Jamaica,1980,3,Americas,3.73,73.82
Jamaica,1985,3,Americas,3.31,73.07
Jamaica,1990,3,Americas,2.85,75.32
Jamaica,1995,3,Americas,2.88,75.28
Jamaica,2000,3,Americas,2.21,74.64
Jamaica,2005,3,Americas,2.06,77.42
Japan,1955,4,East Asia & Pacific,2.41,66.12
Japan,1960,4,East Asia & Pacific,2.01,68.31
Japan,1965,4,East Asia & Pacific,2.12,70.86
Japan,1970,4,East Asia & Pacific,2.09,72.65
Japan,1975,4,East Asia & Pacific,1.94,74.77
Japan,1980,4,East Asia & Pacific,1.75,76.57
Japan,1985,4,East Asia & Pacific,1.74,78.16
Japan,1990,4,East Asia & Pacific,1.53,79.41
Japan,1995,4,East Asia & Pacific,1.42,80.24
Japan,2000,4,East Asia & Pacific,1.37,81.57
Japan,2005,4,East Asia & Pacific,1.27,82.5
Kenya,1955,2,Sub-Saharan Africa,7.54,50.93
Kenya,1960,2,Sub-Saharan Africa,7.71,54.29
Kenya,1965,2,Sub-Saharan Africa,8.04,56.31
Kenya,1970,2,Sub-Saharan Africa,8.02,58.15
Kenya,1975,2,Sub-Saharan Africa,7.88,60.24
Kenya,1980,2,Sub-Saharan Africa,7.6,62.21
Kenya,1985,2,Sub-Saharan Africa,6.98,63.39
Kenya,1990,2,Sub-Saharan Africa,6.13,62.12
Kenya,1995,2,Sub-Saharan Africa,5.37,57.04
Kenya,2000,2,Sub-Saharan Africa,5.14,54.83
Kenya,2005,2,Sub-Saharan Africa,4.78,56.51
Lebanon,1955,5,Middle East & N. Africa,5.78,62.08
Lebanon,1960,5,Middle East & N. Africa,5.8,64.87
Lebanon,1965,5,Middle East & N. Africa,5.63,66.56
Lebanon,1970,5,Middle East & N. Africa,5.17,67.59
Lebanon,1975,5,Middle East & N. Africa,4.56,62.04
Lebanon,1980,5,Middle East & N. Africa,4.03,69.41
Lebanon,1985,5,Middle East & N. Africa,3.59,65.13
Lebanon,1990,5,Middle East & N. Africa,3.3,69.92
Lebanon,1995,5,Middle East & N. Africa,2.78,73.15
Lebanon,2000,5,Middle East & N. Africa,2.5,74.82
Lebanon,2005,5,Middle East & N. Africa,2.2,75.44
Mexico,1955,3,Americas,6.75,53.59
Mexico,1960,3,Americas,6.77,57.15
Mexico,1965,3,Americas,6.81,59.87
Mexico,1970,3,Americas,6.55,61.44
Mexico,1975,3,Americas,5.79,64.21
Mexico,1980,3,Americas,4.78,66.19
Mexico,1985,3,Americas,4.09,68.62
Mexico,1990,3,Americas,3.45,70.85
Mexico,1995,3,Americas,3.04,72.35
Mexico,2000,3,Americas,2.72,74.21
Mexico,2005,3,Americas,2.5,75.01
Netherlands,1955,1,Europe & Central Asia,3.04,72.62
Netherlands,1960,1,Europe & Central Asia,3.12,73.5
Netherlands,1965,1,Europe & Central Asia,3.02,73.69
Netherlands,1970,1,Europe & Central Asia,2.57,73.73
Netherlands,1975,1,Europe & Central Asia,1.67,74.68
Netherlands,1980,1,Europe & Central Asia,1.6,75.88
Netherlands,1985,1,Europe & Central Asia,1.51,76.49
Netherlands,1990,1,Europe & Central Asia,1.61,77.16
Netherlands,1995,1,Europe & Central Asia,1.54,77.69
Netherlands,2000,1,Europe & Central Asia,1.72,78.28
Netherlands,2005,1,Europe & Central Asia,1.71,79.63
New Zealand,1955,4,East Asia & Pacific,3.73,70.62
New Zealand,1960,4,East Asia & Pacific,4.06,71.22
New Zealand,1965,4,East Asia & Pacific,3.48,71.46
New Zealand,1970,4,East Asia & Pacific,3.17,71.64
New Zealand,1975,4,East Asia & Pacific,2.37,72.39
New Zealand,1980,4,East Asia & Pacific,2.03,73.37
New Zealand,1985,4,East Asia & Pacific,1.93,74.22
New Zealand,1990,4,East Asia & Pacific,2.17,75.55
New Zealand,1995,4,East Asia & Pacific,1.98,76.75
New Zealand,2000,4,East Asia & Pacific,1.98,78.39
New Zealand,2005,4,East Asia & Pacific,1.96,79.8
Nigeria,1955,2,Sub-Saharan Africa,6.38,45.86
Nigeria,1960,2,Sub-Saharan Africa,6.36,46.81
Nigeria,1965,2,Sub-Saharan Africa,6.36,48.15
Nigeria,1970,2,Sub-Saharan Africa,6.47,49.05
Nigeria,1975,2,Sub-Saharan Africa,6.77,52.01
Nigeria,1980,2,Sub-Saharan Africa,6.85,54.06
Nigeria,1985,2,Sub-Saharan Africa,6.62,54.91
Nigeria,1990,2,Sub-Saharan Africa,6.46,54.69
Nigeria,1995,2,Sub-Saharan Africa,6.27,54.63
Nigeria,2000,2,Sub-Saharan Africa,6.12,54.63
Nigeria,2005,2,Sub-Saharan Africa,6.07,56.63
North Korea,1955,4,East Asia & Pacific,4.09,43.46
North Korea,1960,4,East Asia & Pacific,3.82,47.62
North Korea,1965,4,East Asia & Pacific,3.62,52.29
North Korea,1970,4,East Asia & Pacific,3.85,57.11
North Korea,1975,4,East Asia & Pacific,3.05,61.11
North Korea,1980,4,East Asia & Pacific,2.84,64.05
North Korea,1985,4,East Asia & Pacific,2.58,66.17
North Korea,1990,4,East Asia & Pacific,2.35,67.97
North Korea,1995,4,East Asia & Pacific,2.16,61.83
North Korea,2000,4,East Asia & Pacific,1.97,63.9
North Korea,2005,4,East Asia & Pacific,1.96,70.01
Norway,1955,1,Europe & Central Asia,2.77,73.21
Norway,1960,1,Europe & Central Asia,2.87,73.4
Norway,1965,1,Europe & Central Asia,2.94,73.64
Norway,1970,1,Europe & Central Asia,2.52,74.25
Norway,1975,1,Europe & Central Asia,1.98,75.12
Norway,1980,1,Europe & Central Asia,1.72,75.96
Norway,1985,1,Europe & Central Asia,1.68,76.35
Norway,1990,1,Europe & Central Asia,1.93,76.86
Norway,1995,1,Europe & Central Asia,1.87,78.04
Norway,2000,1,Europe & Central Asia,1.85,78.9
Norway,2005,1,Europe & Central Asia,1.84,80.37
Pakistan,1955,0,South Asia,6.73,48.64
Pakistan,1960,0,South Asia,6.75,51.32
Pakistan,1965,0,South Asia,6.78,54.62
Pakistan,1970,0,South Asia,6.8,57.08
Pakistan,1975,0,South Asia,6.81,59.03
Pakistan,1980,0,South Asia,6.73,60.24
Pakistan,1985,0,South Asia,6.59,60.88
Pakistan,1990,0,South Asia,6.36,61.05
Pakistan,1995,0,South Asia,5.89,60.34
Pakistan,2000,0,South Asia,5.26,61.04
Pakistan,2005,0,South Asia,4.64,61.05
Peru,1955,3,Americas,6.92,43.67
Peru,1960,3,Americas,6.92,47.26
Peru,1965,3,Americas,6.75,54.12
Peru,1970,3,Americas,6.32,48.63
Peru,1975,3,Americas,5.71,63.4
Peru,1980,3,Americas,5.04,65.1
Peru,1985,3,Americas,4.46,65.94
Peru,1990,3,Americas,3.91,69.24
Peru,1995,3,Americas,3.32,71.49
Peru,2000,3,Americas,2.85,74.61
Peru,2005,3,Americas,2.69,77.16
Philippines,1955,4,East Asia & Pacific,7.37,58.15
Philippines,1960,4,East Asia & Pacific,7.15,61.26
Philippines,1965,4,East Asia & Pacific,6.78,62.55
Philippines,1970,4,East Asia & Pacific,6.2,62.69
Philippines,1975,4,East Asia & Pacific,5.6,64.11
Philippines,1980,4,East Asia & Pacific,5.11,65.74
Philippines,1985,4,East Asia & Pacific,4.65,66.51
Philippines,1990,4,East Asia & Pacific,4.35,68.41
Philippines,1995,4,East Asia & Pacific,4.04,69.77
Philippines,2000,4,East Asia & Pacific,3.71,70.31
Philippines,2005,4,East Asia & Pacific,3.49,70.31
Poland,1955,1,Europe & Central Asia,3.55,63.42
Poland,1960,1,Europe & Central Asia,3.02,67.9
Poland,1965,1,Europe & Central Asia,2.51,69.66
Poland,1970,1,Europe & Central Asia,2.26,70.17
Poland,1975,1,Europe & Central Asia,2.28,71.14
Poland,1980,1,Europe & Central Asia,2.25,70.54
Poland,1985,1,Europe & Central Asia,2.32,70.8
Poland,1990,1,Europe & Central Asia,2.05,71.08
Poland,1995,1,Europe & Central Asia,1.63,72.0
Poland,2000,1,Europe & Central Asia,1.37,73.9
Poland,2005,1,Europe & Central Asia,1.24,75.19
Portugal,1955,1,Europe & Central Asia,3.13,61.43
Portugal,1960,1,Europe & Central Asia,3.16,64.73
Portugal,1965,1,Europe & Central Asia,3.16,65.9
Portugal,1970,1,Europe & Central Asia,3.01,67.39
Portugal,1975,1,Europe & Central Asia,2.75,69.32
Portugal,1980,1,Europe & Central Asia,2.24,71.75
Portugal,1985,1,Europe & Central Asia,1.73,73.26
Portugal,1990,1,Europe & Central Asia,1.56,74.28
Portugal,1995,1,Europe & Central Asia,1.41,75.47
Portugal,2000,1,Europe & Central Asia,1.54,76.84
Portugal,2005,1,Europe & Central Asia,1.41,78.75
Rwanda,1955,2,Sub-Saharan Africa,8.09,38.94
Rwanda,1960,2,Sub-Saharan Africa,8.19,42.24
Rwanda,1965,2,Sub-Saharan Africa,8.2,42.85
Rwanda,1970,2,Sub-Saharan Africa,8.23,43.58
Rwanda,1975,2,Sub-Saharan Africa,8.22,45.02
Rwanda,1980,2,Sub-Saharan Africa,8.19,48.43
Rwanda,1985,2,Sub-Saharan Africa,7.73,51.49
Rwanda,1990,2,Sub-Saharan Africa,6.87,50.01
Rwanda,1995,2,Sub-Saharan Africa,6.32,46.41
Rwanda,2000,2,Sub-Saharan Africa,5.92,50.51
Rwanda,2005,2,Sub-Saharan Africa,5.44,58.22
Saudi Arabia,1955,5,Middle East & N. Africa,7.43,52.56
Saudi Arabia,1960,5,Middle East & N. Africa,7.52,54.34
Saudi Arabia,1965,5,Middle East & N. Africa,7.61,56.93
Saudi Arabia,1970,5,Middle East & N. Africa,7.58,59.81
Saudi Arabia,1975,5,Middle East & N. Africa,7.37,63.63
Saudi Arabia,1980,5,Middle East & N. Africa,7.19,66.06
Saudi Arabia,1985,5,Middle East & N. Africa,6.7,67.54
Saudi Arabia,1990,5,Middle East & N. Africa,5.83,68.08
Saudi Arabia,1995,5,Middle East & N. Africa,4.95,69.4
Saudi Arabia,2000,5,Middle East & N. Africa,4.12,70.37
Saudi Arabia,2005,5,Middle East & N. Africa,3.24,71.16
South Africa,1955,2,Sub-Saharan Africa,6.2,53.04
South Africa,1960,2,Sub-Saharan Africa,6.16,53.93
South Africa,1965,2,Sub-Saharan Africa,5.96,55.19
South Africa,1970,2,Sub-Saharan Africa,5.63,56.69
South Africa,1975,2,Sub-Saharan Africa,5.19,58.3
South Africa,1980,2,Sub-Saharan Africa,4.78,59.52
South Africa,1985,2,Sub-Saharan Africa,4.5,61.92
South Africa,1990,2,Sub-Saharan Africa,3.72,64.18
South Africa,1995,2,Sub-Saharan Africa,3.17,62.93
South Africa,2000,2,Sub-Saharan Africa,2.41,55.58
South Africa,2005,2,Sub-Saharan Africa,2.51,52.1
South Korea,1955,4,East Asia & Pacific,6.07,55.9
South Korea,1960,4,East Asia & Pacific,6.0,59.11
South Korea,1965,4,East Asia & Pacific,5.02,61.36
South Korea,1970,4,East Asia & Pacific,4.41,63.57
South Korea,1975,4,East Asia & Pacific,3.41,65.73
South Korea,1980,4,East Asia & Pacific,2.72,67.33
South Korea,1985,4,East Asia & Pacific,1.75,69.87
South Korea,1990,4,East Asia & Pacific,1.6,72.13
South Korea,1995,4,East Asia & Pacific,1.63,74.34
South Korea,2000,4,East Asia & Pacific,1.42,76.34
South Korea,2005,4,East Asia & Pacific,1.1,78.78
Spain,1955,1,Europe & Central Asia,2.56,66.66
Spain,1960,1,Europe & Central Asia,2.78,69.45
Spain,1965,1,Europe & Central Asia,2.88,70.94
Spain,1970,1,Europe & Central Asia,2.83,72.02
Spain,1975,1,Europe & Central Asia,2.77,73.59
Spain,1980,1,Europe & Central Asia,2.21,75.51
Spain,1985,1,Europe & Central Asia,1.64,76.45
Spain,1990,1,Europe & Central Asia,1.36,76.96
Spain,1995,1,Europe & Central Asia,1.16,78.09
Spain,2000,1,Europe & Central Asia,1.22,79.47
Spain,2005,1,Europe & Central Asia,1.33,80.58
Switzerland,1955,1,Europe & Central Asia,2.31,70.3
Switzerland,1960,1,Europe & Central Asia,2.46,71.76
Switzerland,1965,1,Europe & Central Asia,2.58,72.51
Switzerland,1970,1,Europe & Central Asia,2.1,73.34
Switzerland,1975,1,Europe & Central Asia,1.62,74.98
Switzerland,1980,1,Europe & Central Asia,1.55,75.97
Switzerland,1985,1,Europe & Central Asia,1.52,77.22
Switzerland,1990,1,Europe & Central Asia,1.58,77.94
Switzerland,1995,1,Europe & Central Asia,1.48,78.91
Switzerland,2000,1,Europe & Central Asia,1.49,80.3
Switzerland,2005,1,Europe & Central Asia,1.42,81.69
Turkey,1955,1,Europe & Central Asia,6.49,47.32
Turkey,1960,1,Europe & Central Asia,6.36,49.53
Turkey,1965,1,Europe & Central Asia,6.02,53.39
Turkey,1970,1,Europe & Central Asia,5.63,57.13
Turkey,1975,1,Europe & Central Asia,5.07,60.74
Turkey,1980,1,Europe & Central Asia,4.43,64.06
Turkey,1985,1,Europe & Central Asia,3.76,66.65
Turkey,1990,1,Europe & Central Asia,3.13,68.75
Turkey,1995,1,Europe & Central Asia,2.79,70.85
Turkey,2000,1,Europe & Central Asia,2.51,74.73
Turkey,2005,1,Europe & Central Asia,2.22,76.81
United Kingdom,1955,1,Europe & Central Asia,2.3,70.46
United Kingdom,1960,1,Europe & Central Asia,2.73,71.17
United Kingdom,1965,1,Europe & Central Asia,2.88,71.65
United Kingdom,1970,1,Europe & Central Asia,2.44,72.08
United Kingdom,1975,1,Europe & Central Asia,1.81,72.78
United Kingdom,1980,1,Europe & Central Asia,1.89,73.79
United Kingdom,1985,1,Europe & Central Asia,1.79,74.81
United Kingdom,1990,1,Europe & Central Asia,1.83,75.85
United Kingdom,1995,1,Europe & Central Asia,1.71,76.84
United Kingdom,2000,1,Europe & Central Asia,1.64,77.97
United Kingdom,2005,1,Europe & Central Asia,1.76,79.33
United States,1955,3,Americas,3.47,69.86
United States,1960,3,Americas,3.58,70.06
United States,1965,3,Americas,2.87,70.37
United States,1970,3,Americas,2.47,70.93
United States,1975,3,Americas,1.77,72.73
United States,1980,3,Americas,1.83,73.96
United States,1985,3,Americas,1.84,74.91
United States,1990,3,Americas,2.07,75.72
United States,1995,3,Americas,1.97,76.08
United States,2000,3,Americas,2.05,77.03
United States,2005,3,Americas,2.06,77.73
Venezuela,1955,3,Americas,6.53,61.16
Venezuela,1960,3,Americas,6.42,65.17
Venezuela,1965,3,Americas,6.03,66.03
Venezuela,1970,3,Americas,5.32,66.51
Venezuela,1975,3,Americas,4.69,67.6
Venezuela,1980,3,Americas,4.2,69.66
Venezuela,1985,3,Americas,3.79,71.56
Venezuela,1990,3,Americas,3.45,72.44
Venezuela,1995,3,Americas,3.08,72.61
Venezuela,2000,3,Americas,2.82,74.17
Venezuela,2005,3,Americas,2.63,75.01
