Industry,Year,Month,Weekly-Earnings,Employees (Thousands),Date
Oil and gas extraction,2006,1,0,127.9,1/1/2006
Oil and gas extraction,2006,2,0,128.9,2/1/2006
Oil and gas extraction,2006,3,1142.34,130.3,3/1/2006
Oil and gas extraction,2006,4,1243.21,132,4/1/2006
Oil and gas extraction,2006,5,1184.42,133.1,5/1/2006
Oil and gas extraction,2006,6,1211.22,136.7,6/1/2006
Oil and gas extraction,2006,7,1248.5,137.1,7/1/2006
Oil and gas extraction,2006,8,1187.6,138,8/1/2006
Oil and gas extraction,2006,9,1165.44,135.9,9/1/2006
Oil and gas extraction,2006,10,1266.23,137.3,10/1/2006
Oil and gas extraction,2006,11,1204.67,137.6,11/1/2006
Oil and gas extraction,2006,12,1180.66,138.9,12/1/2006
Oil and gas extraction,2007,1,1185.89,139.9,1/1/2007
Oil and gas extraction,2007,2,1212.04,140.6,2/1/2007
Oil and gas extraction,2007,3,1199.31,141.8,3/1/2007
Oil and gas extraction,2007,4,1297.62,142.2,4/1/2007
Oil and gas extraction,2007,5,1234.23,143.7,5/1/2007
Oil and gas extraction,2007,6,1246.17,147.2,6/1/2007
Oil and gas extraction,2007,7,1299.48,148.6,7/1/2007
Oil and gas extraction,2007,8,1206.25,149.3,8/1/2007
Oil and gas extraction,2007,9,1288.35,147.3,9/1/2007
Oil and gas extraction,2007,10,1235.46,148.5,10/1/2007
Oil and gas extraction,2007,11,1221.97,151.9,11/1/2007
Oil and gas extraction,2007,12,1244.7,153.1,12/1/2007
Oil and gas extraction,2008,1,1296.7,154,1/1/2008
Oil and gas extraction,2008,2,1198.47,153.5,2/1/2008
Oil and gas extraction,2008,3,1476.6,155.1,3/1/2008
Oil and gas extraction,2008,4,1274.5,152.8,4/1/2008
Oil and gas extraction,2008,5,1277.59,157.9,5/1/2008
Oil and gas extraction,2008,6,1364.25,161.8,6/1/2008
Oil and gas extraction,2008,7,1390.55,163.8,7/1/2008
Oil and gas extraction,2008,8,1370.8,165.6,8/1/2008
Oil and gas extraction,2008,9,1286.38,164.6,9/1/2008
Oil and gas extraction,2008,10,1295.22,164.4,10/1/2008
Oil and gas extraction,2008,11,1468.74,165.4,11/1/2008
Oil and gas extraction,2008,12,1401.36,166.5,12/1/2008
Oil and gas extraction,2009,1,1355.25,165.1,1/1/2009
Oil and gas extraction,2009,2,1428.85,163.2,2/1/2009
Oil and gas extraction,2009,3,1455.1,161.4,3/1/2009
Oil and gas extraction,2009,4,1372.36,159.3,4/1/2009
Oil and gas extraction,2009,5,1366.55,160.1,5/1/2009
Oil and gas extraction,2009,6,1383.36,162,6/1/2009
Oil and gas extraction,2009,7,1362.63,160.4,7/1/2009
Oil and gas extraction,2009,8,1485.99,159,8/1/2009
Oil and gas extraction,2009,9,1389.61,157.9,9/1/2009
Oil and gas extraction,2009,10,1400.95,157.4,10/1/2009
Oil and gas extraction,2009,11,1461.19,156.7,11/1/2009
Oil and gas extraction,2009,12,1413.7,155.4,12/1/2009
Oil and gas extraction,2010,1,1408.47,156.5,1/1/2010
Oil and gas extraction,2010,2,1418.47,155.3,2/1/2010
Oil and gas extraction,2010,3,1394.36,155.6,3/1/2010
Oil and gas extraction,2010,4,1425.2,156.1,4/1/2010
Oil and gas extraction,2010,5,1511.58,158.5,5/1/2010
Oil and gas extraction,2010,6,1439.2,159.7,6/1/2010
Oil and gas extraction,2010,7,1474.45,159.1,7/1/2010
Oil and gas extraction,2010,8,1528.52,160.7,8/1/2010
Oil and gas extraction,2010,9,1474.2,159.7,9/1/2010
Oil and gas extraction,2010,10,1477.8,161.2,10/1/2010
Oil and gas extraction,2010,11,1467.64,161.2,11/1/2010
Oil and gas extraction,2010,12,1505.27,161,12/1/2010
Oil and gas extraction,2011,1,1609.21,162,1/1/2011
Oil and gas extraction,2011,2,1535.22,163.1,2/1/2011
Oil and gas extraction,2011,3,1528.38,165.5,3/1/2011
Oil and gas extraction,2011,4,1546.13,167.9,4/1/2011
Oil and gas extraction,2011,5,1595.79,170.1,5/1/2011
Oil and gas extraction,2011,6,1539.55,173.5,6/1/2011
Oil and gas extraction,2011,7,1496.4,174.8,7/1/2011
Oil and gas extraction,2011,8,1502.07,174.9,8/1/2011
Oil and gas extraction,2011,9,1518.59,176,9/1/2011
Oil and gas extraction,2011,10,1556.4,177.8,10/1/2011
Oil and gas extraction,2011,11,1502.77,178.2,11/1/2011
Oil and gas extraction,2011,12,1476.3,180.7,12/1/2011
Oil and gas extraction,2012,1,1565.1,180.5,1/1/2012
Oil and gas extraction,2012,2,1517.9,180.6,2/1/2012
Oil and gas extraction,2012,3,1502.6,183.6,3/1/2012
Oil and gas extraction,2012,4,1582.95,184.4,4/1/2012
Oil and gas extraction,2012,5,1492.04,186.2,5/1/2012
Oil and gas extraction,2012,6,1525.34,190.1,6/1/2012
Oil and gas extraction,2012,7,1587.68,190.9,7/1/2012
Oil and gas extraction,2012,8,1515.29,191.5,8/1/2012
Oil and gas extraction,2012,9,1575.42,189.4,9/1/2012
Oil and gas extraction,2012,10,1488.3,189,10/1/2012
Oil and gas extraction,2012,11,1482.52,190.1,11/1/2012
Oil and gas extraction,2012,12,1578.26,192.4,12/1/2012
Oil and gas extraction,2013,1,1504.89,192.3,1/1/2013
Oil and gas extraction,2013,2,1476.3,193,2/1/2013
Oil and gas extraction,2013,3,1483.5,193,3/1/2013
Oil and gas extraction,2013,4,1501.21,192.9,4/1/2013
Oil and gas extraction,2013,5,1471.87,192.8,5/1/2013
Oil and gas extraction,2013,6,1544.05,193.9,6/1/2013
Oil and gas extraction,2013,7,1471.5,195.2,7/1/2013
Oil and gas extraction,2013,8,1487.32,195.6,8/1/2013
Oil and gas extraction,2013,9,1541.38,193.2,9/1/2013
Oil and gas extraction,2013,10,1504.5,192.4,10/1/2013
Oil and gas extraction,2013,11,1515.13,193.6,11/1/2013
Oil and gas extraction,2013,12,1596.95,194.2,12/1/2013
Oil and gas extraction,2014,1,1557.91,193.8,1/1/2014
Oil and gas extraction,2014,2,1579.75,194.5,2/1/2014
Oil and gas extraction,2014,3,1670.03,192.7,3/1/2014
Oil and gas extraction,2014,4,1625.17,193.5,4/1/2014
Oil and gas extraction,2014,5,1620.59,195.9,5/1/2014
Oil and gas extraction,2014,6,1689.9,198.9,6/1/2014
Oil and gas extraction,2014,7,1646.06,200.7,7/1/2014
Oil and gas extraction,2014,8,1683.74,200.3,8/1/2014
Oil and gas extraction,2014,9,1698.63,198.9,9/1/2014
Oil and gas extraction,2014,10,1700.01,200.9,10/1/2014
Oil and gas extraction,2014,11,1749.03,200.5,11/1/2014
Oil and gas extraction,2014,12,1751.82,201.4,12/1/2014
Support activities for oil and gas operations,2006,1,0,154.9,1/1/2006
Support activities for oil and gas operations,2006,2,0,158.1,2/1/2006
Support activities for oil and gas operations,2006,3,1012.01,162.4,3/1/2006
Support activities for oil and gas operations,2006,4,1080.6,166.5,4/1/2006
Support activities for oil and gas operations,2006,5,1047.7,167.3,5/1/2006
Support activities for oil and gas operations,2006,6,1096.46,169.9,6/1/2006
Support activities for oil and gas operations,2006,7,1102.98,171.9,7/1/2006
Support activities for oil and gas operations,2006,8,1070.16,175.9,8/1/2006
Support activities for oil and gas operations,2006,9,1081.76,179.2,9/1/2006
Support activities for oil and gas operations,2006,10,1090.18,182.3,10/1/2006
Support activities for oil and gas operations,2006,11,1096.09,184.8,11/1/2006
Support activities for oil and gas operations,2006,12,1131.91,183.9,12/1/2006
Support activities for oil and gas operations,2007,1,1067.19,182,1/1/2007
Support activities for oil and gas operations,2007,2,1124.5,185.7,2/1/2007
Support activities for oil and gas operations,2007,3,1098.25,190.1,3/1/2007
Support activities for oil and gas operations,2007,4,1083.53,192.6,4/1/2007
Support activities for oil and gas operations,2007,5,1081.1,193.8,5/1/2007
Support activities for oil and gas operations,2007,6,1104.98,194.9,6/1/2007
Support activities for oil and gas operations,2007,7,1105.77,195.5,7/1/2007
Support activities for oil and gas operations,2007,8,1139.72,196.8,8/1/2007
Support activities for oil and gas operations,2007,9,1166.4,198.2,9/1/2007
Support activities for oil and gas operations,2007,10,1136.2,200.3,10/1/2007
Support activities for oil and gas operations,2007,11,1109.12,198.8,11/1/2007
Support activities for oil and gas operations,2007,12,1159.43,202.3,12/1/2007
Support activities for oil and gas operations,2008,1,1128.06,204,1/1/2008
Support activities for oil and gas operations,2008,2,1111.26,208.4,2/1/2008
Support activities for oil and gas operations,2008,3,1110.09,214.8,3/1/2008
Support activities for oil and gas operations,2008,4,1010.7,214.7,4/1/2008
Support activities for oil and gas operations,2008,5,992.58,213.9,5/1/2008
Support activities for oil and gas operations,2008,6,1028.5,219.6,6/1/2008
Support activities for oil and gas operations,2008,7,1086.98,220.7,7/1/2008
Support activities for oil and gas operations,2008,8,1135.58,225.9,8/1/2008
Support activities for oil and gas operations,2008,9,1129.65,228.4,9/1/2008
Support activities for oil and gas operations,2008,10,1185.5,225,10/1/2008
Support activities for oil and gas operations,2008,11,1221.01,223.6,11/1/2008
Support activities for oil and gas operations,2008,12,1175.93,221.4,12/1/2008
Support activities for oil and gas operations,2009,1,1149.52,218.4,1/1/2009
Support activities for oil and gas operations,2009,2,1123.63,215.5,2/1/2009
Support activities for oil and gas operations,2009,3,1089.97,209.1,3/1/2009
Support activities for oil and gas operations,2009,4,1084.79,200.8,4/1/2009
Support activities for oil and gas operations,2009,5,1086.69,194.5,5/1/2009
Support activities for oil and gas operations,2009,6,1116.02,192.7,6/1/2009
Support activities for oil and gas operations,2009,7,1124.96,192.5,7/1/2009
Support activities for oil and gas operations,2009,8,1146.6,185.7,8/1/2009
Support activities for oil and gas operations,2009,9,1107.79,185.3,9/1/2009
Support activities for oil and gas operations,2009,10,1119.36,182.1,10/1/2009
Support activities for oil and gas operations,2009,11,1138.88,183.4,11/1/2009
Support activities for oil and gas operations,2009,12,1131.53,184.8,12/1/2009
Support activities for oil and gas operations,2010,1,1114.7,182.2,1/1/2010
Support activities for oil and gas operations,2010,2,1108.94,186.5,2/1/2010
Support activities for oil and gas operations,2010,3,1115.07,189.4,3/1/2010
Support activities for oil and gas operations,2010,4,1117.86,191.4,4/1/2010
Support activities for oil and gas operations,2010,5,1122.98,196.4,5/1/2010
Support activities for oil and gas operations,2010,6,1122.26,201.2,6/1/2010
Support activities for oil and gas operations,2010,7,1149.5,207.1,7/1/2010
Support activities for oil and gas operations,2010,8,1195.43,208.1,8/1/2010
Support activities for oil and gas operations,2010,9,1118.85,214.9,9/1/2010
Support activities for oil and gas operations,2010,10,1184.48,219.2,10/1/2010
Support activities for oil and gas operations,2010,11,1165.17,219.1,11/1/2010
Support activities for oil and gas operations,2010,12,1166.69,219.4,12/1/2010
Support activities for oil and gas operations,2011,1,1181.89,219.5,1/1/2011
Support activities for oil and gas operations,2011,2,1184.4,218.7,2/1/2011
Support activities for oil and gas operations,2011,3,1187.22,225.5,3/1/2011
Support activities for oil and gas operations,2011,4,1195.7,232.1,4/1/2011
Support activities for oil and gas operations,2011,5,1205.33,236.1,5/1/2011
Support activities for oil and gas operations,2011,6,1213.16,244.4,6/1/2011
Support activities for oil and gas operations,2011,7,1217,248.9,7/1/2011
Support activities for oil and gas operations,2011,8,1262.55,250.1,8/1/2011
Support activities for oil and gas operations,2011,9,1256.16,256.1,9/1/2011
Support activities for oil and gas operations,2011,10,1295.41,262.1,10/1/2011
Support activities for oil and gas operations,2011,11,1242.78,263.6,11/1/2011
Support activities for oil and gas operations,2011,12,1276.02,267.8,12/1/2011
Support activities for oil and gas operations,2012,1,1255.9,270.6,1/1/2012
Support activities for oil and gas operations,2012,2,1289.79,278.3,2/1/2012
Support activities for oil and gas operations,2012,3,1270.21,277.1,3/1/2012
Support activities for oil and gas operations,2012,4,1280.18,279.3,4/1/2012
Support activities for oil and gas operations,2012,5,1241.42,280.9,5/1/2012
Support activities for oil and gas operations,2012,6,1293.41,283.7,6/1/2012
Support activities for oil and gas operations,2012,7,1266.05,286.2,7/1/2012
Support activities for oil and gas operations,2012,8,1237.46,286.5,8/1/2012
Support activities for oil and gas operations,2012,9,1225.69,284.2,9/1/2012
Support activities for oil and gas operations,2012,10,1231.56,280.9,10/1/2012
Support activities for oil and gas operations,2012,11,1219.95,283.3,11/1/2012
Support activities for oil and gas operations,2012,12,1248.13,286.8,12/1/2012
Support activities for oil and gas operations,2013,1,1188.43,286.5,1/1/2013
Support activities for oil and gas operations,2013,2,1223.04,288.7,2/1/2013
Support activities for oil and gas operations,2013,3,1225.98,290,3/1/2013
Support activities for oil and gas operations,2013,4,1252.71,290.5,4/1/2013
Support activities for oil and gas operations,2013,5,1274.52,294,5/1/2013
Support activities for oil and gas operations,2013,6,1302.93,298.1,6/1/2013
Support activities for oil and gas operations,2013,7,1284.82,303.3,7/1/2013
Support activities for oil and gas operations,2013,8,1276.06,307.6,8/1/2013
Support activities for oil and gas operations,2013,9,1325.57,308,9/1/2013
Support activities for oil and gas operations,2013,10,1316.41,311.1,10/1/2013
Support activities for oil and gas operations,2013,11,1355.11,304.2,11/1/2013
Support activities for oil and gas operations,2013,12,1348.52,307.6,12/1/2013
Support activities for oil and gas operations,2014,1,1306.12,307.7,1/1/2014
Support activities for oil and gas operations,2014,2,1365.51,308.9,2/1/2014
Support activities for oil and gas operations,2014,3,1349.12,314.5,3/1/2014
Support activities for oil and gas operations,2014,4,1327.63,317.1,4/1/2014
Support activities for oil and gas operations,2014,5,1315.55,317.4,5/1/2014
Support activities for oil and gas operations,2014,6,1339.71,322.3,6/1/2014
Support activities for oil and gas operations,2014,7,1309,329.4,7/1/2014
Support activities for oil and gas operations,2014,8,1314.41,334.8,8/1/2014
Support activities for oil and gas operations,2014,9,1302.45,340,9/1/2014
Support activities for oil and gas operations,2014,10,1322.94,333.7,10/1/2014
Support activities for oil and gas operations,2014,11,1337.78,332.9,11/1/2014
Support activities for oil and gas operations,2014,12,1284,334.4,12/1/2014
New housing for-sale builders,2006,1,0,44,1/1/2006
New housing for-sale builders,2006,2,0,45.4,2/1/2006
New housing for-sale builders,2006,3,0,45.9,3/1/2006
New housing for-sale builders,2006,4,0,46.7,4/1/2006
New housing for-sale builders,2006,5,0,47.2,5/1/2006
New housing for-sale builders,2006,6,0,48.1,6/1/2006
New housing for-sale builders,2006,7,0,48.8,7/1/2006
New housing for-sale builders,2006,8,0,48,8/1/2006
New housing for-sale builders,2006,9,0,48.7,9/1/2006
New housing for-sale builders,2006,10,0,48.8,10/1/2006
New housing for-sale builders,2006,11,0,50.1,11/1/2006
New housing for-sale builders,2006,12,0,50.5,12/1/2006
New housing for-sale builders,2007,1,0,48,1/1/2007
New housing for-sale builders,2007,2,0,47.6,2/1/2007
New housing for-sale builders,2007,3,0,47.5,3/1/2007
New housing for-sale builders,2007,4,0,46.9,4/1/2007
New housing for-sale builders,2007,5,0,46.9,5/1/2007
New housing for-sale builders,2007,6,0,45.9,6/1/2007
New housing for-sale builders,2007,7,0,46.8,7/1/2007
New housing for-sale builders,2007,8,0,44.8,8/1/2007
New housing for-sale builders,2007,9,0,43.4,9/1/2007
New housing for-sale builders,2007,10,0,42.4,10/1/2007
New housing for-sale builders,2007,11,0,41,11/1/2007
New housing for-sale builders,2007,12,0,40.7,12/1/2007
New housing for-sale builders,2008,1,0,40,1/1/2008
New housing for-sale builders,2008,2,0,39.8,2/1/2008
New housing for-sale builders,2008,3,0,38.9,3/1/2008
New housing for-sale builders,2008,4,0,38.4,4/1/2008
New housing for-sale builders,2008,5,0,37.2,5/1/2008
New housing for-sale builders,2008,6,0,36.9,6/1/2008
New housing for-sale builders,2008,7,0,36.3,7/1/2008
New housing for-sale builders,2008,8,0,35.3,8/1/2008
New housing for-sale builders,2008,9,0,34.8,9/1/2008
New housing for-sale builders,2008,10,0,32.6,10/1/2008
New housing for-sale builders,2008,11,0,31.8,11/1/2008
New housing for-sale builders,2008,12,0,30.5,12/1/2008
New housing for-sale builders,2009,1,0,28.6,1/1/2009
New housing for-sale builders,2009,2,0,27.5,2/1/2009
New housing for-sale builders,2009,3,0,27.4,3/1/2009
New housing for-sale builders,2009,4,0,26.9,4/1/2009
New housing for-sale builders,2009,5,0,26.3,5/1/2009
New housing for-sale builders,2009,6,0,26.3,6/1/2009
New housing for-sale builders,2009,7,0,25.6,7/1/2009
New housing for-sale builders,2009,8,0,25.9,8/1/2009
New housing for-sale builders,2009,9,0,25.4,9/1/2009
New housing for-sale builders,2009,10,0,24.9,10/1/2009
New housing for-sale builders,2009,11,0,24.9,11/1/2009
New housing for-sale builders,2009,12,0,24.8,12/1/2009
New housing for-sale builders,2010,1,0,24.2,1/1/2010
New housing for-sale builders,2010,2,0,23.9,2/1/2010
New housing for-sale builders,2010,3,0,23.8,3/1/2010
New housing for-sale builders,2010,4,0,23,4/1/2010
New housing for-sale builders,2010,5,0,23,5/1/2010
New housing for-sale builders,2010,6,0,23,6/1/2010
New housing for-sale builders,2010,7,0,22.1,7/1/2010
New housing for-sale builders,2010,8,0,22.3,8/1/2010
New housing for-sale builders,2010,9,0,22.2,9/1/2010
New housing for-sale builders,2010,10,0,22.6,10/1/2010
New housing for-sale builders,2010,11,0,22.2,11/1/2010
New housing for-sale builders,2010,12,0,22.5,12/1/2010
New housing for-sale builders,2011,1,0,22.6,1/1/2011
New housing for-sale builders,2011,2,0,22.5,2/1/2011
New housing for-sale builders,2011,3,0,22,3/1/2011
New housing for-sale builders,2011,4,0,22.5,4/1/2011
New housing for-sale builders,2011,5,0,22.7,5/1/2011
New housing for-sale builders,2011,6,0,23.8,6/1/2011
New housing for-sale builders,2011,7,0,23.3,7/1/2011
New housing for-sale builders,2011,8,0,23.5,8/1/2011
New housing for-sale builders,2011,9,0,23.3,9/1/2011
New housing for-sale builders,2011,10,0,23.4,10/1/2011
New housing for-sale builders,2011,11,0,23.1,11/1/2011
New housing for-sale builders,2011,12,0,23,12/1/2011
New housing for-sale builders,2012,1,0,21.6,1/1/2012
New housing for-sale builders,2012,2,0,21.8,2/1/2012
New housing for-sale builders,2012,3,0,21.9,3/1/2012
New housing for-sale builders,2012,4,0,22,4/1/2012
New housing for-sale builders,2012,5,0,22.9,5/1/2012
New housing for-sale builders,2012,6,0,22.8,6/1/2012
New housing for-sale builders,2012,7,0,23.3,7/1/2012
New housing for-sale builders,2012,8,0,23.4,8/1/2012
New housing for-sale builders,2012,9,0,23.4,9/1/2012
New housing for-sale builders,2012,10,0,24.2,10/1/2012
New housing for-sale builders,2012,11,0,24.2,11/1/2012
New housing for-sale builders,2012,12,0,23.7,12/1/2012
New housing for-sale builders,2013,1,0,23.2,1/1/2013
New housing for-sale builders,2013,2,0,23.6,2/1/2013
New housing for-sale builders,2013,3,0,24.5,3/1/2013
New housing for-sale builders,2013,4,0,25,4/1/2013
New housing for-sale builders,2013,5,0,25.8,5/1/2013
New housing for-sale builders,2013,6,0,26.3,6/1/2013
New housing for-sale builders,2013,7,0,26.3,7/1/2013
New housing for-sale builders,2013,8,0,27,8/1/2013
New housing for-sale builders,2013,9,0,26.7,9/1/2013
New housing for-sale builders,2013,10,0,26.9,10/1/2013
New housing for-sale builders,2013,11,0,27.4,11/1/2013
New housing for-sale builders,2013,12,0,26.8,12/1/2013
New housing for-sale builders,2014,1,0,27.2,1/1/2014
New housing for-sale builders,2014,2,0,27.4,2/1/2014
New housing for-sale builders,2014,3,0,27.4,3/1/2014
New housing for-sale builders,2014,4,0,28.5,4/1/2014
New housing for-sale builders,2014,5,0,29.1,5/1/2014
New housing for-sale builders,2014,6,0,30.4,6/1/2014
New housing for-sale builders,2014,7,0,30.7,7/1/2014
New housing for-sale builders,2014,8,0,30.5,8/1/2014
New housing for-sale builders,2014,9,0,30.7,9/1/2014
New housing for-sale builders,2014,10,0,31.4,10/1/2014
New housing for-sale builders,2014,11,0,31.1,11/1/2014
New housing for-sale builders,2014,12,0,31,12/1/2014
Food manufacturing,2006,1,0,1456.1,1/1/2006
Food manufacturing,2006,2,0,1450,2/1/2006
Food manufacturing,2006,3,588.28,1451.4,3/1/2006
Food manufacturing,2006,4,597.03,1449.5,4/1/2006
Food manufacturing,2006,5,603.73,1458.2,5/1/2006
Food manufacturing,2006,6,607.97,1485,6/1/2006
Food manufacturing,2006,7,606.42,1501.9,7/1/2006
Food manufacturing,2006,8,608.78,1514,8/1/2006
Food manufacturing,2006,9,617.7,1515.6,9/1/2006
Food manufacturing,2006,10,615.35,1502.4,10/1/2006
Food manufacturing,2006,11,621.6,1495.2,11/1/2006
Food manufacturing,2006,12,623.7,1473.4,12/1/2006
Food manufacturing,2007,1,613.4,1457.5,1/1/2007
Food manufacturing,2007,2,616.98,1449.4,2/1/2007
Food manufacturing,2007,3,620.55,1452.3,3/1/2007
Food manufacturing,2007,4,619.2,1444.7,4/1/2007
Food manufacturing,2007,5,622.91,1461.6,5/1/2007
Food manufacturing,2007,6,628.84,1492.8,6/1/2007
Food manufacturing,2007,7,634.41,1517.4,7/1/2007
Food manufacturing,2007,8,625.67,1520.4,8/1/2007
Food manufacturing,2007,9,641.2,1514.6,9/1/2007
Food manufacturing,2007,10,631.23,1506.6,10/1/2007
Food manufacturing,2007,11,645.21,1496.1,11/1/2007
Food manufacturing,2007,12,645.21,1495.3,12/1/2007
Food manufacturing,2008,1,630.11,1469.4,1/1/2008
Food manufacturing,2008,2,628.68,1462.6,2/1/2008
Food manufacturing,2008,3,642.74,1458.6,3/1/2008
Food manufacturing,2008,4,638.72,1449,4/1/2008
Food manufacturing,2008,5,642.27,1461.7,5/1/2008
Food manufacturing,2008,6,647.06,1481.7,6/1/2008
Food manufacturing,2008,7,648.3,1495,7/1/2008
Food manufacturing,2008,8,648.7,1511.7,8/1/2008
Food manufacturing,2008,9,662.09,1512.6,9/1/2008
Food manufacturing,2008,10,662,1500.6,10/1/2008
Food manufacturing,2008,11,667.05,1494.4,11/1/2008
Food manufacturing,2008,12,666.53,1473.2,12/1/2008
Food manufacturing,2009,1,656.26,1436.9,1/1/2009
Food manufacturing,2009,2,655.49,1426.5,2/1/2009
Food manufacturing,2009,3,656.26,1422.5,3/1/2009
Food manufacturing,2009,4,647.71,1426.4,4/1/2009
Food manufacturing,2009,5,658.67,1436.1,5/1/2009
Food manufacturing,2009,6,660.06,1459.2,6/1/2009
Food manufacturing,2009,7,654.16,1474.7,7/1/2009
Food manufacturing,2009,8,667.71,1495,8/1/2009
Food manufacturing,2009,9,670.32,1497.3,9/1/2009
Food manufacturing,2009,10,669.8,1482.8,10/1/2009
Food manufacturing,2009,11,675.97,1465.8,11/1/2009
Food manufacturing,2009,12,683.63,1453.7,12/1/2009
Food manufacturing,2010,1,682.17,1416.8,1/1/2010
Food manufacturing,2010,2,667.01,1413.8,2/1/2010
Food manufacturing,2010,3,674.24,1418,3/1/2010
Food manufacturing,2010,4,673.3,1418.3,4/1/2010
Food manufacturing,2010,5,684.43,1433,5/1/2010
Food manufacturing,2010,6,679.5,1459.6,6/1/2010
Food manufacturing,2010,7,676.65,1477.7,7/1/2010
Food manufacturing,2010,8,682.44,1491.6,8/1/2010
Food manufacturing,2010,9,698.52,1483.7,9/1/2010
Food manufacturing,2010,10,699.03,1469.9,10/1/2010
Food manufacturing,2010,11,694.53,1461.7,11/1/2010
Food manufacturing,2010,12,702,1462.6,12/1/2010
Food manufacturing,2011,1,693.03,1434.7,1/1/2011
Food manufacturing,2011,2,684.76,1430,2/1/2011
Food manufacturing,2011,3,683.47,1431.5,3/1/2011
Food manufacturing,2011,4,689.91,1436.9,4/1/2011
Food manufacturing,2011,5,691.49,1442.5,5/1/2011
Food manufacturing,2011,6,692.07,1461.3,6/1/2011
Food manufacturing,2011,7,693.44,1485.9,7/1/2011
Food manufacturing,2011,8,690.62,1495.6,8/1/2011
Food manufacturing,2011,9,703.9,1489.5,9/1/2011
Food manufacturing,2011,10,700.69,1483.2,10/1/2011
Food manufacturing,2011,11,704.16,1460,11/1/2011
Food manufacturing,2011,12,705.03,1454,12/1/2011
Food manufacturing,2012,1,701.11,1428.5,1/1/2012
Food manufacturing,2012,2,697.09,1426.1,2/1/2012
Food manufacturing,2012,3,703.08,1433.5,3/1/2012
Food manufacturing,2012,4,702.29,1436.1,4/1/2012
Food manufacturing,2012,5,707.23,1450.1,5/1/2012
Food manufacturing,2012,6,703.86,1478.8,6/1/2012
Food manufacturing,2012,7,707.05,1498.5,7/1/2012
Food manufacturing,2012,8,710.74,1517.4,8/1/2012
Food manufacturing,2012,9,728.43,1517,9/1/2012
Food manufacturing,2012,10,724.71,1501.5,10/1/2012
Food manufacturing,2012,11,727.79,1474.4,11/1/2012
Food manufacturing,2012,12,741.28,1463.4,12/1/2012
Food manufacturing,2013,1,724.76,1442,1/1/2013
Food manufacturing,2013,2,716.53,1442.6,2/1/2013
Food manufacturing,2013,3,719.14,1445.1,3/1/2013
Food manufacturing,2013,4,721.81,1446.3,4/1/2013
Food manufacturing,2013,5,719.3,1455.6,5/1/2013
Food manufacturing,2013,6,723.96,1479.6,6/1/2013
Food manufacturing,2013,7,728,1491.7,7/1/2013
Food manufacturing,2013,8,733.46,1507.7,8/1/2013
Food manufacturing,2013,9,739.93,1507,9/1/2013
Food manufacturing,2013,10,734.27,1495.3,10/1/2013
Food manufacturing,2013,11,736.06,1485.2,11/1/2013
Food manufacturing,2013,12,749.07,1485.9,12/1/2013
Food manufacturing,2014,1,733.91,1460.7,1/1/2014
Food manufacturing,2014,2,727.05,1463,2/1/2014
Food manufacturing,2014,3,735.11,1460.8,3/1/2014
Food manufacturing,2014,4,728.23,1460.7,4/1/2014
Food manufacturing,2014,5,734.58,1463.8,5/1/2014
Food manufacturing,2014,6,737.23,1484.8,6/1/2014
Food manufacturing,2014,7,730.87,1499.9,7/1/2014
Food manufacturing,2014,8,734,1516.9,8/1/2014
Food manufacturing,2014,9,744.98,1515,9/1/2014
Food manufacturing,2014,10,736.4,1501.1,10/1/2014
Food manufacturing,2014,11,748.21,1492.8,11/1/2014
Food manufacturing,2014,12,750.79,1492.8,12/1/2014
Electronics and appliance retailers,2006,1,0,605.7,1/1/2006
Electronics and appliance retailers,2006,2,0,596.2,2/1/2006
Electronics and appliance retailers,2006,3,801.81,593.7,3/1/2006
Electronics and appliance retailers,2006,4,852.05,581.2,4/1/2006
Electronics and appliance retailers,2006,5,792,578.5,5/1/2006
Electronics and appliance retailers,2006,6,792.61,582.7,6/1/2006
Electronics and appliance retailers,2006,7,822.28,577.8,7/1/2006
Electronics and appliance retailers,2006,8,798.34,578.5,8/1/2006
Electronics and appliance retailers,2006,9,799.46,577.9,9/1/2006
Electronics and appliance retailers,2006,10,828.5,588.1,10/1/2006
Electronics and appliance retailers,2006,11,797.43,609.6,11/1/2006
Electronics and appliance retailers,2006,12,797.44,612.5,12/1/2006
Electronics and appliance retailers,2007,1,783,593.3,1/1/2007
Electronics and appliance retailers,2007,2,785.42,587.3,2/1/2007
Electronics and appliance retailers,2007,3,772.44,587.9,3/1/2007
Electronics and appliance retailers,2007,4,781.1,586.8,4/1/2007
Electronics and appliance retailers,2007,5,740.38,581.6,5/1/2007
Electronics and appliance retailers,2007,6,747.81,582.5,6/1/2007
Electronics and appliance retailers,2007,7,777.12,583.2,7/1/2007
Electronics and appliance retailers,2007,8,760.61,582,8/1/2007
Electronics and appliance retailers,2007,9,791.15,583.5,9/1/2007
Electronics and appliance retailers,2007,10,746.25,591.9,10/1/2007
Electronics and appliance retailers,2007,11,726.33,620.8,11/1/2007
Electronics and appliance retailers,2007,12,737.11,627.5,12/1/2007
Electronics and appliance retailers,2008,1,725.61,594.1,1/1/2008
Electronics and appliance retailers,2008,2,727.45,586.7,2/1/2008
Electronics and appliance retailers,2008,3,731.63,589.1,3/1/2008
Electronics and appliance retailers,2008,4,713.09,585.6,4/1/2008
Electronics and appliance retailers,2008,5,717.1,581.4,5/1/2008
Electronics and appliance retailers,2008,6,733.49,577.4,6/1/2008
Electronics and appliance retailers,2008,7,723.74,573.8,7/1/2008
Electronics and appliance retailers,2008,8,722.07,569.8,8/1/2008
Electronics and appliance retailers,2008,9,711.32,564.2,9/1/2008
Electronics and appliance retailers,2008,10,694.38,571.9,10/1/2008
Electronics and appliance retailers,2008,11,696.63,581.7,11/1/2008
Electronics and appliance retailers,2008,12,677.41,580,12/1/2008
Electronics and appliance retailers,2009,1,686.62,550.7,1/1/2009
Electronics and appliance retailers,2009,2,692.11,541,2/1/2009
Electronics and appliance retailers,2009,3,703.63,519.7,3/1/2009
Electronics and appliance retailers,2009,4,682.57,517.3,4/1/2009
Electronics and appliance retailers,2009,5,692.12,514,5/1/2009
Electronics and appliance retailers,2009,6,693.72,513.2,6/1/2009
Electronics and appliance retailers,2009,7,706.14,512.3,7/1/2009
Electronics and appliance retailers,2009,8,728.25,515.1,8/1/2009
Electronics and appliance retailers,2009,9,722.5,516.6,9/1/2009
Electronics and appliance retailers,2009,10,720.17,521.1,10/1/2009
Electronics and appliance retailers,2009,11,733.13,538.7,11/1/2009
Electronics and appliance retailers,2009,12,716.15,544.5,12/1/2009
Electronics and appliance retailers,2010,1,715.36,530.8,1/1/2010
Electronics and appliance retailers,2010,2,712.58,520.2,2/1/2010
Electronics and appliance retailers,2010,3,715.7,522.5,3/1/2010
Electronics and appliance retailers,2010,4,729.49,518.7,4/1/2010
Electronics and appliance retailers,2010,5,740.95,517.6,5/1/2010
Electronics and appliance retailers,2010,6,717.58,517.3,6/1/2010
Electronics and appliance retailers,2010,7,734.3,519.6,7/1/2010
Electronics and appliance retailers,2010,8,749.38,524.6,8/1/2010
Electronics and appliance retailers,2010,9,739.18,528.6,9/1/2010
Electronics and appliance retailers,2010,10,732.86,545.9,10/1/2010
Electronics and appliance retailers,2010,11,724.19,568.5,11/1/2010
Electronics and appliance retailers,2010,12,732.51,569.7,12/1/2010
Electronics and appliance retailers,2011,1,748.65,543.9,1/1/2011
Electronics and appliance retailers,2011,2,728.25,534.2,2/1/2011
Electronics and appliance retailers,2011,3,722.4,534.6,3/1/2011
Electronics and appliance retailers,2011,4,751.86,536.8,4/1/2011
Electronics and appliance retailers,2011,5,786.11,533.9,5/1/2011
Electronics and appliance retailers,2011,6,741.97,536.7,6/1/2011
Electronics and appliance retailers,2011,7,793.61,536,7/1/2011
Electronics and appliance retailers,2011,8,788.35,529.2,8/1/2011
Electronics and appliance retailers,2011,9,749.42,521.6,9/1/2011
Electronics and appliance retailers,2011,10,814.5,532.3,10/1/2011
Electronics and appliance retailers,2011,11,801.66,555.1,11/1/2011
Electronics and appliance retailers,2011,12,812.06,557.8,12/1/2011
Electronics and appliance retailers,2012,1,815.52,532.2,1/1/2012
Electronics and appliance retailers,2012,2,795.9,525.7,2/1/2012
Electronics and appliance retailers,2012,3,808.35,520.5,3/1/2012
Electronics and appliance retailers,2012,4,835.89,518.3,4/1/2012
Electronics and appliance retailers,2012,5,819.59,510.8,5/1/2012
Electronics and appliance retailers,2012,6,831.42,509.7,6/1/2012
Electronics and appliance retailers,2012,7,865.39,508.2,7/1/2012
Electronics and appliance retailers,2012,8,852.71,502.7,8/1/2012
Electronics and appliance retailers,2012,9,874.33,499.2,9/1/2012
Electronics and appliance retailers,2012,10,844.8,506.5,10/1/2012
Electronics and appliance retailers,2012,11,838.02,544.4,11/1/2012
Electronics and appliance retailers,2012,12,881.91,540.6,12/1/2012
Electronics and appliance retailers,2013,1,841.81,526.9,1/1/2013
Electronics and appliance retailers,2013,2,831.41,508.8,2/1/2013
Electronics and appliance retailers,2013,3,825.74,496,3/1/2013
Electronics and appliance retailers,2013,4,815.6,492,4/1/2013
Electronics and appliance retailers,2013,5,818.6,491,5/1/2013
Electronics and appliance retailers,2013,6,857.29,489.3,6/1/2013
Electronics and appliance retailers,2013,7,820.52,490.6,7/1/2013
Electronics and appliance retailers,2013,8,810.08,494,8/1/2013
Electronics and appliance retailers,2013,9,840,496.8,9/1/2013
Electronics and appliance retailers,2013,10,804.73,520.1,10/1/2013
Electronics and appliance retailers,2013,11,800.38,546.1,11/1/2013
Electronics and appliance retailers,2013,12,819.18,547.8,12/1/2013
Electronics and appliance retailers,2014,1,793.48,532.3,1/1/2014
Electronics and appliance retailers,2014,2,829.91,501.3,2/1/2014
Electronics and appliance retailers,2014,3,834.77,495.1,3/1/2014
Electronics and appliance retailers,2014,4,802.64,486,4/1/2014
Electronics and appliance retailers,2014,5,818.2,484,5/1/2014
Electronics and appliance retailers,2014,6,840.64,491.1,6/1/2014
Electronics and appliance retailers,2014,7,837.86,496.2,7/1/2014
Electronics and appliance retailers,2014,8,830.52,500.8,8/1/2014
Electronics and appliance retailers,2014,9,854.04,506.5,9/1/2014
Electronics and appliance retailers,2014,10,876.57,524,10/1/2014
Electronics and appliance retailers,2014,11,911.24,548.6,11/1/2014
Electronics and appliance retailers,2014,12,862.82,551.5,12/1/2014
Florists,2006,1,0,96.6,1/1/2006
Florists,2006,2,0,102.6,2/1/2006
Florists,2006,3,293.98,99.1,3/1/2006
Florists,2006,4,310.05,99.6,4/1/2006
Florists,2006,5,351.37,105.1,5/1/2006
Florists,2006,6,307.41,98,6/1/2006
Florists,2006,7,303.79,93.8,7/1/2006
Florists,2006,8,306.85,91.9,8/1/2006
Florists,2006,9,306.36,91.6,9/1/2006
Florists,2006,10,316.85,94.6,10/1/2006
Florists,2006,11,322.43,96.3,11/1/2006
Florists,2006,12,353.71,96.7,12/1/2006
Florists,2007,1,318.92,92,1/1/2007
Florists,2007,2,350.9,101.3,2/1/2007
Florists,2007,3,309.67,94.4,3/1/2007
Florists,2007,4,325.76,96.1,4/1/2007
Florists,2007,5,382.28,103.1,5/1/2007
Florists,2007,6,331.76,95.6,6/1/2007
Florists,2007,7,321.92,94,7/1/2007
Florists,2007,8,321.76,91.4,8/1/2007
Florists,2007,9,323.59,92.4,9/1/2007
Florists,2007,10,326.76,93.7,10/1/2007
Florists,2007,11,330.26,94.9,11/1/2007
Florists,2007,12,360.9,96.3,12/1/2007
Florists,2008,1,317.31,89.5,1/1/2008
Florists,2008,2,366.72,96.3,2/1/2008
Florists,2008,3,329.13,89.5,3/1/2008
Florists,2008,4,325.14,90.3,4/1/2008
Florists,2008,5,351.94,97.3,5/1/2008
Florists,2008,6,325.58,89.6,6/1/2008
Florists,2008,7,325.08,85,7/1/2008
Florists,2008,8,333.13,83.6,8/1/2008
Florists,2008,9,321.74,82.8,9/1/2008
Florists,2008,10,322.24,85,10/1/2008
Florists,2008,11,324.94,85.5,11/1/2008
Florists,2008,12,333.87,84.4,12/1/2008
Florists,2009,1,321.98,77.8,1/1/2009
Florists,2009,2,376.93,84.4,2/1/2009
Florists,2009,3,321.05,75.6,3/1/2009
Florists,2009,4,338.94,78.4,4/1/2009
Florists,2009,5,341.04,85.8,5/1/2009
Florists,2009,6,314.75,80,6/1/2009
Florists,2009,7,318,74.9,7/1/2009
Florists,2009,8,324.74,73.5,8/1/2009
Florists,2009,9,314.25,72.2,9/1/2009
Florists,2009,10,341.55,73.7,10/1/2009
Florists,2009,11,356.56,72.2,11/1/2009
Florists,2009,12,350,74.9,12/1/2009
Florists,2010,1,324.79,68.9,1/1/2010
Florists,2010,2,348,75.9,2/1/2010
Florists,2010,3,319.02,69.2,3/1/2010
Florists,2010,4,321.3,72,4/1/2010
Florists,2010,5,353.69,78.4,5/1/2010
Florists,2010,6,313.33,72.1,6/1/2010
Florists,2010,7,316.14,70.4,7/1/2010
Florists,2010,8,326.19,68.8,8/1/2010
Florists,2010,9,310.11,68.7,9/1/2010
Florists,2010,10,342.7,67.7,10/1/2010
Florists,2010,11,328.86,67.9,11/1/2010
Florists,2010,12,348.08,68.9,12/1/2010
Florists,2011,1,312.91,65,1/1/2011
Florists,2011,2,356.41,71.5,2/1/2011
Florists,2011,3,326.25,66.4,3/1/2011
Florists,2011,4,346.36,67.5,4/1/2011
Florists,2011,5,377.43,73.5,5/1/2011
Florists,2011,6,348.61,68.7,6/1/2011
Florists,2011,7,352.16,66.8,7/1/2011
Florists,2011,8,360.89,65.4,8/1/2011
Florists,2011,9,355.61,66.1,9/1/2011
Florists,2011,10,363.94,66.3,10/1/2011
Florists,2011,11,357.19,67.1,11/1/2011
Florists,2011,12,373.7,68.1,12/1/2011
Florists,2012,1,357.49,63.8,1/1/2012
Florists,2012,2,414.06,75.6,2/1/2012
Florists,2012,3,354.45,65.6,3/1/2012
Florists,2012,4,366.11,68.4,4/1/2012
Florists,2012,5,407.72,75.5,5/1/2012
Florists,2012,6,367.35,69.7,6/1/2012
Florists,2012,7,364.44,67.5,7/1/2012
Florists,2012,8,384.06,65.7,8/1/2012
Florists,2012,9,390.86,67,9/1/2012
Florists,2012,10,399.37,66.8,10/1/2012
Florists,2012,11,394.24,68.1,11/1/2012
Florists,2012,12,417.2,69.5,12/1/2012
Florists,2013,1,386.93,64,1/1/2013
Florists,2013,2,421.61,75.6,2/1/2013
Florists,2013,3,384.97,65.1,3/1/2013
Florists,2013,4,365.58,68.3,4/1/2013
Florists,2013,5,407.39,75.8,5/1/2013
Florists,2013,6,368.55,68.8,6/1/2013
Florists,2013,7,360.43,66.2,7/1/2013
Florists,2013,8,373.18,64.3,8/1/2013
Florists,2013,9,382.81,65.1,9/1/2013
Florists,2013,10,388.03,65.6,10/1/2013
Florists,2013,11,386.39,65.7,11/1/2013
Florists,2013,12,392.75,67.4,12/1/2013
Florists,2014,1,371.52,63.1,1/1/2014
Florists,2014,2,432,71.6,2/1/2014
Florists,2014,3,381.71,64,3/1/2014
Florists,2014,4,379.75,66.4,4/1/2014
Florists,2014,5,404.4,72.9,5/1/2014
Florists,2014,6,379.96,67.6,6/1/2014
Florists,2014,7,373.73,65,7/1/2014
Florists,2014,8,386.52,64.8,8/1/2014
Florists,2014,9,381.69,65.4,9/1/2014
Florists,2014,10,386.18,66.5,10/1/2014
Florists,2014,11,390.53,67.2,11/1/2014
Florists,2014,12,396.64,67.7,12/1/2014
Air transportation,2006,1,0,483.6,1/1/2006
Air transportation,2006,2,0,482,2/1/2006
Air transportation,2006,3,917.87,483.3,3/1/2006
Air transportation,2006,4,1025.75,485.3,4/1/2006
Air transportation,2006,5,937.91,486.2,5/1/2006
Air transportation,2006,6,977.4,487.5,6/1/2006
Air transportation,2006,7,1032.98,488.9,7/1/2006
Air transportation,2006,8,942.7,491.2,8/1/2006
Air transportation,2006,9,972.48,490.8,9/1/2006
Air transportation,2006,10,985.6,490.2,10/1/2006
Air transportation,2006,11,941.46,484.6,11/1/2006
Air transportation,2006,12,936.97,490.1,12/1/2006
Air transportation,2007,1,970.4,487.4,1/1/2007
Air transportation,2007,2,965.7,480.1,2/1/2007
Air transportation,2007,3,923.44,483.7,3/1/2007
Air transportation,2007,4,1013.69,490.6,4/1/2007
Air transportation,2007,5,923.78,484.5,5/1/2007
Air transportation,2007,6,951.47,494.3,6/1/2007
Air transportation,2007,7,1013.82,495.1,7/1/2007
Air transportation,2007,8,931.6,497.1,8/1/2007
Air transportation,2007,9,1020.28,496.5,9/1/2007
Air transportation,2007,10,913.63,495.3,10/1/2007
Air transportation,2007,11,911.75,497.6,11/1/2007
Air transportation,2007,12,985.58,498.8,12/1/2007
Air transportation,2008,1,950.03,499,1/1/2008
Air transportation,2008,2,942.68,501.8,2/1/2008
Air transportation,2008,3,948.05,502.5,3/1/2008
Air transportation,2008,4,905.58,499.7,4/1/2008
Air transportation,2008,5,895.36,498.4,5/1/2008
Air transportation,2008,6,1004.91,497.2,6/1/2008
Air transportation,2008,7,950.4,493.7,7/1/2008
Air transportation,2008,8,926.46,489,8/1/2008
Air transportation,2008,9,919.43,482.8,9/1/2008
Air transportation,2008,10,902.72,476.9,10/1/2008
Air transportation,2008,11,933.25,475.4,11/1/2008
Air transportation,2008,12,914.75,471.9,12/1/2008
Air transportation,2009,1,917.62,467.3,1/1/2009
Air transportation,2009,2,937.42,466.2,2/1/2009
Air transportation,2009,3,918.68,466.2,3/1/2009
Air transportation,2009,4,877.27,460.1,4/1/2009
Air transportation,2009,5,872.76,462.1,5/1/2009
Air transportation,2009,6,866.25,462.5,6/1/2009
Air transportation,2009,7,872.13,463.6,7/1/2009
Air transportation,2009,8,895.9,464.8,8/1/2009
Air transportation,2009,9,868.51,462.3,9/1/2009
Air transportation,2009,10,877.37,460.6,10/1/2009
Air transportation,2009,11,885.36,459.1,11/1/2009
Air transportation,2009,12,859.88,459.1,12/1/2009
Air transportation,2010,1,872.85,459.6,1/1/2010
Air transportation,2010,2,874.12,461.5,2/1/2010
Air transportation,2010,3,883.74,461.7,3/1/2010
Air transportation,2010,4,886.42,461.3,4/1/2010
Air transportation,2010,5,952.2,460.5,5/1/2010
Air transportation,2010,6,926.74,461,6/1/2010
Air transportation,2010,7,934.63,459.6,7/1/2010
Air transportation,2010,8,989.98,459.1,8/1/2010
Air transportation,2010,9,937.39,455.5,9/1/2010
Air transportation,2010,10,948.58,453.6,10/1/2010
Air transportation,2010,11,960.02,452.8,11/1/2010
Air transportation,2010,12,961.32,452.9,12/1/2010
Air transportation,2011,1,1040.02,450.8,1/1/2011
Air transportation,2011,2,968.54,452.2,2/1/2011
Air transportation,2011,3,973.18,453.3,3/1/2011
Air transportation,2011,4,989.15,453.2,4/1/2011
Air transportation,2011,5,1024.16,456.9,5/1/2011
Air transportation,2011,6,979.37,461,6/1/2011
Air transportation,2011,7,974.24,462.9,7/1/2011
Air transportation,2011,8,976.86,461.7,8/1/2011
Air transportation,2011,9,958.09,459.4,9/1/2011
Air transportation,2011,10,996.32,457.4,10/1/2011
Air transportation,2011,11,953.11,456.5,11/1/2011
Air transportation,2011,12,943.81,457.1,12/1/2011
Air transportation,2012,1,1037.58,457.9,1/1/2012
Air transportation,2012,2,943.14,457.2,2/1/2012
Air transportation,2012,3,924.46,459.1,3/1/2012
Air transportation,2012,4,988.19,459.8,4/1/2012
Air transportation,2012,5,898.94,461.5,5/1/2012
Air transportation,2012,6,914.79,465.5,6/1/2012
Air transportation,2012,7,950.08,465.3,7/1/2012
Air transportation,2012,8,880.2,464.2,8/1/2012
Air transportation,2012,9,932.63,459,9/1/2012
Air transportation,2012,10,865.32,455.9,10/1/2012
Air transportation,2012,11,887.9,453,11/1/2012
Air transportation,2012,12,960.05,451.7,12/1/2012
Air transportation,2013,1,946.53,446,1/1/2013
Air transportation,2013,2,951.92,444.8,2/1/2013
Air transportation,2013,3,943.16,447.1,3/1/2013
Air transportation,2013,4,955.43,447.6,4/1/2013
Air transportation,2013,5,964.16,447.5,5/1/2013
Air transportation,2013,6,1040.73,448.6,6/1/2013
Air transportation,2013,7,1022.01,446.9,7/1/2013
Air transportation,2013,8,1059.38,443.9,8/1/2013
Air transportation,2013,9,1113.52,441.1,9/1/2013
Air transportation,2013,10,1075.18,438.4,10/1/2013
Air transportation,2013,11,1087.67,438.7,11/1/2013
Air transportation,2013,12,1125.26,441.2,12/1/2013
Air transportation,2014,1,1105.54,438.4,1/1/2014
Air transportation,2014,2,1130.65,437,2/1/2014
Air transportation,2014,3,1135.01,440.2,3/1/2014
Air transportation,2014,4,1134.72,439.7,4/1/2014
Air transportation,2014,5,1148.24,444.1,5/1/2014
Air transportation,2014,6,1177.37,447.4,6/1/2014
Air transportation,2014,7,1129.63,448.9,7/1/2014
Air transportation,2014,8,1136.69,446.6,8/1/2014
Air transportation,2014,9,1132.32,444.9,9/1/2014
Air transportation,2014,10,1120.55,448,10/1/2014
Air transportation,2014,11,1142.88,448.4,11/1/2014
Air transportation,2014,12,1105.56,447.2,12/1/2014
Natural gas distribution,2006,1,0,107,1/1/2006
Natural gas distribution,2006,2,0,106.9,2/1/2006
Natural gas distribution,2006,3,1089.68,106.6,3/1/2006
Natural gas distribution,2006,4,1104.89,106.2,4/1/2006
Natural gas distribution,2006,5,1081.28,106.7,5/1/2006
Natural gas distribution,2006,6,1066.25,106.8,6/1/2006
Natural gas distribution,2006,7,1095.9,106.4,7/1/2006
Natural gas distribution,2006,8,1104.44,106.5,8/1/2006
Natural gas distribution,2006,9,1123.6,105,9/1/2006
Natural gas distribution,2006,10,1109.95,105.5,10/1/2006
Natural gas distribution,2006,11,1090.58,105.7,11/1/2006
Natural gas distribution,2006,12,1096.08,106.2,12/1/2006
Natural gas distribution,2007,1,1074.83,106.1,1/1/2007
Natural gas distribution,2007,2,1111.17,105.5,2/1/2007
Natural gas distribution,2007,3,1106.32,105.8,3/1/2007
Natural gas distribution,2007,4,1156.01,106.9,4/1/2007
Natural gas distribution,2007,5,1188.44,107.4,5/1/2007
Natural gas distribution,2007,6,1168.84,107.6,6/1/2007
Natural gas distribution,2007,7,1194.98,108.2,7/1/2007
Natural gas distribution,2007,8,1177.1,108.4,8/1/2007
Natural gas distribution,2007,9,1252.39,107.5,9/1/2007
Natural gas distribution,2007,10,1205.82,107.7,10/1/2007
Natural gas distribution,2007,11,1203.6,108.1,11/1/2007
Natural gas distribution,2007,12,1238.82,107.9,12/1/2007
Natural gas distribution,2008,1,1309.34,108.3,1/1/2008
Natural gas distribution,2008,2,1430.46,107,2/1/2008
Natural gas distribution,2008,3,1246.31,107.6,3/1/2008
Natural gas distribution,2008,4,1248,106.6,4/1/2008
Natural gas distribution,2008,5,1283.59,107.3,5/1/2008
Natural gas distribution,2008,6,1327.39,108,6/1/2008
Natural gas distribution,2008,7,1314.98,108,7/1/2008
Natural gas distribution,2008,8,1368.43,106.8,8/1/2008
Natural gas distribution,2008,9,1382.8,105.4,9/1/2008
Natural gas distribution,2008,10,1388.4,106.8,10/1/2008
Natural gas distribution,2008,11,1451.86,107.1,11/1/2008
Natural gas distribution,2008,12,1407.76,107.7,12/1/2008
Natural gas distribution,2009,1,1457.06,108.6,1/1/2009
Natural gas distribution,2009,2,1425.47,108.7,2/1/2009
Natural gas distribution,2009,3,1398.97,109,3/1/2009
Natural gas distribution,2009,4,1396.8,107.7,4/1/2009
Natural gas distribution,2009,5,1407.91,108.1,5/1/2009
Natural gas distribution,2009,6,1406.31,109.5,6/1/2009
Natural gas distribution,2009,7,1386.4,108.5,7/1/2009
Natural gas distribution,2009,8,1404.86,108.7,8/1/2009
Natural gas distribution,2009,9,1390.14,108.8,9/1/2009
Natural gas distribution,2009,10,1417.13,109.3,10/1/2009
Natural gas distribution,2009,11,1420.02,108.8,11/1/2009
Natural gas distribution,2009,12,1393.7,108.3,12/1/2009
Natural gas distribution,2010,1,1364.35,109.2,1/1/2010
Natural gas distribution,2010,2,1233.21,108.6,2/1/2010
Natural gas distribution,2010,3,1266.54,108.5,3/1/2010
Natural gas distribution,2010,4,1253.99,107.5,4/1/2010
Natural gas distribution,2010,5,1360.59,107.8,5/1/2010
Natural gas distribution,2010,6,1274.43,108.3,6/1/2010
Natural gas distribution,2010,7,1265.36,108,7/1/2010
Natural gas distribution,2010,8,1284.12,107.7,8/1/2010
Natural gas distribution,2010,9,1290.1,106.9,9/1/2010
Natural gas distribution,2010,10,1284.58,107.6,10/1/2010
Natural gas distribution,2010,11,1282.32,107.3,11/1/2010
Natural gas distribution,2010,12,1275.41,107.4,12/1/2010
Natural gas distribution,2011,1,1328.56,106.9,1/1/2011
Natural gas distribution,2011,2,1360.62,106.8,2/1/2011
Natural gas distribution,2011,3,1344.38,107.2,3/1/2011
Natural gas distribution,2011,4,1381.85,108.1,4/1/2011
Natural gas distribution,2011,5,1308.46,108.6,5/1/2011
Natural gas distribution,2011,6,1314.99,109,6/1/2011
Natural gas distribution,2011,7,1289.57,108.6,7/1/2011
Natural gas distribution,2011,8,1293.56,108.1,8/1/2011
Natural gas distribution,2011,9,1321.03,108.8,9/1/2011
Natural gas distribution,2011,10,1346.13,107.6,10/1/2011
Natural gas distribution,2011,11,1330.02,108,11/1/2011
Natural gas distribution,2011,12,1319.37,107.6,12/1/2011
Natural gas distribution,2012,1,1347.67,108.3,1/1/2012
Natural gas distribution,2012,2,1317.33,107.7,2/1/2012
Natural gas distribution,2012,3,1285.58,108.5,3/1/2012
Natural gas distribution,2012,4,1338.53,109.3,4/1/2012
Natural gas distribution,2012,5,1323.56,108.8,5/1/2012
Natural gas distribution,2012,6,1342.75,109.5,6/1/2012
Natural gas distribution,2012,7,1355.13,109.9,7/1/2012
Natural gas distribution,2012,8,1327.89,110,8/1/2012
Natural gas distribution,2012,9,1392.28,108.9,9/1/2012
Natural gas distribution,2012,10,1345.95,109.6,10/1/2012
Natural gas distribution,2012,11,1382.93,107.8,11/1/2012
Natural gas distribution,2012,12,1446.57,109.7,12/1/2012
Natural gas distribution,2013,1,1417.28,109.9,1/1/2013
Natural gas distribution,2013,2,1426.56,109.9,2/1/2013
Natural gas distribution,2013,3,1434.9,109.8,3/1/2013
Natural gas distribution,2013,4,1421.79,109.7,4/1/2013
Natural gas distribution,2013,5,1417.69,110.6,5/1/2013
Natural gas distribution,2013,6,1423.97,111.8,6/1/2013
Natural gas distribution,2013,7,1406.96,111.2,7/1/2013
Natural gas distribution,2013,8,1423.22,110.6,8/1/2013
Natural gas distribution,2013,9,1438.11,110.6,9/1/2013
Natural gas distribution,2013,10,1425.82,111,10/1/2013
Natural gas distribution,2013,11,1436.25,111.2,11/1/2013
Natural gas distribution,2013,12,1454.04,111.6,12/1/2013
Natural gas distribution,2014,1,1451.19,110.9,1/1/2014
Natural gas distribution,2014,2,1476.14,110.6,2/1/2014
Natural gas distribution,2014,3,1459.61,110.8,3/1/2014
Natural gas distribution,2014,4,1438.65,110.5,4/1/2014
Natural gas distribution,2014,5,1418.89,110.6,5/1/2014
Natural gas distribution,2014,6,1407.09,111.4,6/1/2014
Natural gas distribution,2014,7,1409.17,113.4,7/1/2014
Natural gas distribution,2014,8,1429.06,112.9,8/1/2014
Natural gas distribution,2014,9,1455.3,112,9/1/2014
Natural gas distribution,2014,10,1440.74,113,10/1/2014
Natural gas distribution,2014,11,1499.95,113.4,11/1/2014
Natural gas distribution,2014,12,1463.15,113.2,12/1/2014
"Securities and commodity contracts brokerage, intermediation, and exchanges",2006,1,0,502.5,1/1/2006
"Securities and commodity contracts brokerage, intermediation, and exchanges",2006,2,0,505.8,2/1/2006
"Securities and commodity contracts brokerage, intermediation, and exchanges",2006,3,1186.19,507.9,3/1/2006
"Securities and commodity contracts brokerage, intermediation, and exchanges",2006,4,1308.72,510.6,4/1/2006
"Securities and commodity contracts brokerage, intermediation, and exchanges",2006,5,1220.68,509.3,5/1/2006
"Securities and commodity contracts brokerage, intermediation, and exchanges",2006,6,1192.67,512.1,6/1/2006
"Securities and commodity contracts brokerage, intermediation, and exchanges",2006,7,1323.93,516.7,7/1/2006
"Securities and commodity contracts brokerage, intermediation, and exchanges",2006,8,1286.12,519.1,8/1/2006
"Securities and commodity contracts brokerage, intermediation, and exchanges",2006,9,1286.68,519,9/1/2006
"Securities and commodity contracts brokerage, intermediation, and exchanges",2006,10,1363.86,523,10/1/2006
"Securities and commodity contracts brokerage, intermediation, and exchanges",2006,11,1310.4,523.8,11/1/2006
"Securities and commodity contracts brokerage, intermediation, and exchanges",2006,12,1334.66,521.5,12/1/2006
"Securities and commodity contracts brokerage, intermediation, and exchanges",2007,1,1356.67,520.5,1/1/2007
"Securities and commodity contracts brokerage, intermediation, and exchanges",2007,2,1389.9,521.7,2/1/2007
"Securities and commodity contracts brokerage, intermediation, and exchanges",2007,3,1368.76,520.4,3/1/2007
"Securities and commodity contracts brokerage, intermediation, and exchanges",2007,4,1427.93,517.6,4/1/2007
"Securities and commodity contracts brokerage, intermediation, and exchanges",2007,5,1371.38,520.8,5/1/2007
"Securities and commodity contracts brokerage, intermediation, and exchanges",2007,6,1393.54,524.5,6/1/2007
"Securities and commodity contracts brokerage, intermediation, and exchanges",2007,7,1463.14,525,7/1/2007
"Securities and commodity contracts brokerage, intermediation, and exchanges",2007,8,1447.63,524.4,8/1/2007
"Securities and commodity contracts brokerage, intermediation, and exchanges",2007,9,1504.29,524.6,9/1/2007
"Securities and commodity contracts brokerage, intermediation, and exchanges",2007,10,1463.33,523,10/1/2007
"Securities and commodity contracts brokerage, intermediation, and exchanges",2007,11,1455.8,525.8,11/1/2007
"Securities and commodity contracts brokerage, intermediation, and exchanges",2007,12,1523.02,522.4,12/1/2007
"Securities and commodity contracts brokerage, intermediation, and exchanges",2008,1,1505.82,523.1,1/1/2008
"Securities and commodity contracts brokerage, intermediation, and exchanges",2008,2,1524.12,526.5,2/1/2008
"Securities and commodity contracts brokerage, intermediation, and exchanges",2008,3,1544.06,527,3/1/2008
"Securities and commodity contracts brokerage, intermediation, and exchanges",2008,4,1489.57,527,4/1/2008
"Securities and commodity contracts brokerage, intermediation, and exchanges",2008,5,1494.91,524.7,5/1/2008
"Securities and commodity contracts brokerage, intermediation, and exchanges",2008,6,1540.9,529.3,6/1/2008
"Securities and commodity contracts brokerage, intermediation, and exchanges",2008,7,1478.96,522.9,7/1/2008
"Securities and commodity contracts brokerage, intermediation, and exchanges",2008,8,1485.42,523.5,8/1/2008
"Securities and commodity contracts brokerage, intermediation, and exchanges",2008,9,1488.33,511.6,9/1/2008
"Securities and commodity contracts brokerage, intermediation, and exchanges",2008,10,1481.89,508.3,10/1/2008
"Securities and commodity contracts brokerage, intermediation, and exchanges",2008,11,1556.24,508,11/1/2008
"Securities and commodity contracts brokerage, intermediation, and exchanges",2008,12,1484.16,507.7,12/1/2008
"Securities and commodity contracts brokerage, intermediation, and exchanges",2009,1,1480.75,497.9,1/1/2009
"Securities and commodity contracts brokerage, intermediation, and exchanges",2009,2,1582.85,495.4,2/1/2009
"Securities and commodity contracts brokerage, intermediation, and exchanges",2009,3,1540.54,492.8,3/1/2009
"Securities and commodity contracts brokerage, intermediation, and exchanges",2009,4,1488.56,481.8,4/1/2009
"Securities and commodity contracts brokerage, intermediation, and exchanges",2009,5,1498.19,477.4,5/1/2009
"Securities and commodity contracts brokerage, intermediation, and exchanges",2009,6,1500.46,478.2,6/1/2009
"Securities and commodity contracts brokerage, intermediation, and exchanges",2009,7,1493.63,475.1,7/1/2009
"Securities and commodity contracts brokerage, intermediation, and exchanges",2009,8,1634.13,471.3,8/1/2009
"Securities and commodity contracts brokerage, intermediation, and exchanges",2009,9,1534.9,469.4,9/1/2009
"Securities and commodity contracts brokerage, intermediation, and exchanges",2009,10,1552.85,469.4,10/1/2009
"Securities and commodity contracts brokerage, intermediation, and exchanges",2009,11,1585.68,472,11/1/2009
"Securities and commodity contracts brokerage, intermediation, and exchanges",2009,12,1506.17,472.2,12/1/2009
"Securities and commodity contracts brokerage, intermediation, and exchanges",2010,1,1559.05,470.9,1/1/2010
"Securities and commodity contracts brokerage, intermediation, and exchanges",2010,2,1550.17,468.9,2/1/2010
"Securities and commodity contracts brokerage, intermediation, and exchanges",2010,3,1544.97,468.4,3/1/2010
"Securities and commodity contracts brokerage, intermediation, and exchanges",2010,4,1509.6,470.2,4/1/2010
"Securities and commodity contracts brokerage, intermediation, and exchanges",2010,5,1582.99,470.3,5/1/2010
"Securities and commodity contracts brokerage, intermediation, and exchanges",2010,6,1493.25,472.8,6/1/2010
"Securities and commodity contracts brokerage, intermediation, and exchanges",2010,7,1489.93,475,7/1/2010
"Securities and commodity contracts brokerage, intermediation, and exchanges",2010,8,1566.18,471,8/1/2010
"Securities and commodity contracts brokerage, intermediation, and exchanges",2010,9,1479,473.8,9/1/2010
"Securities and commodity contracts brokerage, intermediation, and exchanges",2010,10,1467.4,470.7,10/1/2010
"Securities and commodity contracts brokerage, intermediation, and exchanges",2010,11,1497.82,471.1,11/1/2010
"Securities and commodity contracts brokerage, intermediation, and exchanges",2010,12,1479.94,470.8,12/1/2010
"Securities and commodity contracts brokerage, intermediation, and exchanges",2011,1,1563.39,469.5,1/1/2011
"Securities and commodity contracts brokerage, intermediation, and exchanges",2011,2,1494.05,469.4,2/1/2011
"Securities and commodity contracts brokerage, intermediation, and exchanges",2011,3,1449.86,469.1,3/1/2011
"Securities and commodity contracts brokerage, intermediation, and exchanges",2011,4,1476.3,467.4,4/1/2011
"Securities and commodity contracts brokerage, intermediation, and exchanges",2011,5,1524.51,467.4,5/1/2011
"Securities and commodity contracts brokerage, intermediation, and exchanges",2011,6,1539.59,470.7,6/1/2011
"Securities and commodity contracts brokerage, intermediation, and exchanges",2011,7,1534.19,472.4,7/1/2011
"Securities and commodity contracts brokerage, intermediation, and exchanges",2011,8,1487.32,472.3,8/1/2011
"Securities and commodity contracts brokerage, intermediation, and exchanges",2011,9,1504.04,469.9,9/1/2011
"Securities and commodity contracts brokerage, intermediation, and exchanges",2011,10,1667.62,468.1,10/1/2011
"Securities and commodity contracts brokerage, intermediation, and exchanges",2011,11,1558.76,467.6,11/1/2011
"Securities and commodity contracts brokerage, intermediation, and exchanges",2011,12,1505.77,465.5,12/1/2011
"Securities and commodity contracts brokerage, intermediation, and exchanges",2012,1,1689.63,462.8,1/1/2012
"Securities and commodity contracts brokerage, intermediation, and exchanges",2012,2,1546.17,462.6,2/1/2012
"Securities and commodity contracts brokerage, intermediation, and exchanges",2012,3,1546.34,461.4,3/1/2012
"Securities and commodity contracts brokerage, intermediation, and exchanges",2012,4,1654.41,460,4/1/2012
"Securities and commodity contracts brokerage, intermediation, and exchanges",2012,5,1598.18,458.3,5/1/2012
"Securities and commodity contracts brokerage, intermediation, and exchanges",2012,6,1579.28,461.4,6/1/2012
"Securities and commodity contracts brokerage, intermediation, and exchanges",2012,7,1690.29,461.3,7/1/2012
"Securities and commodity contracts brokerage, intermediation, and exchanges",2012,8,1637.66,459,8/1/2012
"Securities and commodity contracts brokerage, intermediation, and exchanges",2012,9,1725.27,452.5,9/1/2012
"Securities and commodity contracts brokerage, intermediation, and exchanges",2012,10,1662.67,453.9,10/1/2012
"Securities and commodity contracts brokerage, intermediation, and exchanges",2012,11,1694.57,451.9,11/1/2012
"Securities and commodity contracts brokerage, intermediation, and exchanges",2012,12,1803.97,452.1,12/1/2012
"Securities and commodity contracts brokerage, intermediation, and exchanges",2013,1,1713.06,449.1,1/1/2013
"Securities and commodity contracts brokerage, intermediation, and exchanges",2013,2,1779.42,450.2,2/1/2013
"Securities and commodity contracts brokerage, intermediation, and exchanges",2013,3,1723.26,450.4,3/1/2013
"Securities and commodity contracts brokerage, intermediation, and exchanges",2013,4,1776.37,449.3,4/1/2013
"Securities and commodity contracts brokerage, intermediation, and exchanges",2013,5,1790.37,448.1,5/1/2013
"Securities and commodity contracts brokerage, intermediation, and exchanges",2013,6,1943.93,451.3,6/1/2013
"Securities and commodity contracts brokerage, intermediation, and exchanges",2013,7,1767.58,454.5,7/1/2013
"Securities and commodity contracts brokerage, intermediation, and exchanges",2013,8,1813.81,451,8/1/2013
"Securities and commodity contracts brokerage, intermediation, and exchanges",2013,9,1981.74,446.8,9/1/2013
"Securities and commodity contracts brokerage, intermediation, and exchanges",2013,10,1873.75,447.8,10/1/2013
"Securities and commodity contracts brokerage, intermediation, and exchanges",2013,11,1896.38,446.4,11/1/2013
"Securities and commodity contracts brokerage, intermediation, and exchanges",2013,12,1891.3,448.1,12/1/2013
"Securities and commodity contracts brokerage, intermediation, and exchanges",2014,1,1803.04,445,1/1/2014
"Securities and commodity contracts brokerage, intermediation, and exchanges",2014,2,1960.29,445,2/1/2014
"Securities and commodity contracts brokerage, intermediation, and exchanges",2014,3,1933.53,445.7,3/1/2014
"Securities and commodity contracts brokerage, intermediation, and exchanges",2014,4,1849.52,444,4/1/2014
"Securities and commodity contracts brokerage, intermediation, and exchanges",2014,5,1851.47,444.2,5/1/2014
"Securities and commodity contracts brokerage, intermediation, and exchanges",2014,6,1956.24,448.8,6/1/2014
"Securities and commodity contracts brokerage, intermediation, and exchanges",2014,7,1820.99,452.2,7/1/2014
"Securities and commodity contracts brokerage, intermediation, and exchanges",2014,8,1877.38,453.3,8/1/2014
"Securities and commodity contracts brokerage, intermediation, and exchanges",2014,9,1864.5,448.4,9/1/2014
"Securities and commodity contracts brokerage, intermediation, and exchanges",2014,10,1862.76,449.7,10/1/2014
"Securities and commodity contracts brokerage, intermediation, and exchanges",2014,11,1942.98,448.3,11/1/2014
"Securities and commodity contracts brokerage, intermediation, and exchanges",2014,12,1827.74,446.3,12/1/2014
Home health care services,2006,1,0,841.5,1/1/2006
Home health care services,2006,2,0,845.1,2/1/2006
Home health care services,2006,3,456.4,855.9,3/1/2006
Home health care services,2006,4,461.99,856.9,4/1/2006
Home health care services,2006,5,458.64,863.6,5/1/2006
Home health care services,2006,6,461.5,862.5,6/1/2006
Home health care services,2006,7,467.04,865.3,7/1/2006
Home health care services,2006,8,459.76,871.1,8/1/2006
Home health care services,2006,9,462.28,872.6,9/1/2006
Home health care services,2006,10,457.12,878.8,10/1/2006
Home health care services,2006,11,456.72,884.9,11/1/2006
Home health care services,2006,12,464.77,888.4,12/1/2006
Home health care services,2007,1,457.05,888.2,1/1/2007
Home health care services,2007,2,456.4,891,2/1/2007
Home health care services,2007,3,462.81,899.6,3/1/2007
Home health care services,2007,4,464.34,900.7,4/1/2007
Home health care services,2007,5,461.07,904.7,5/1/2007
Home health care services,2007,6,464.55,912.8,6/1/2007
Home health care services,2007,7,467.4,918.2,7/1/2007
Home health care services,2007,8,469.17,925.8,8/1/2007
Home health care services,2007,9,479.23,925.2,9/1/2007
Home health care services,2007,10,473.74,932.2,10/1/2007
Home health care services,2007,11,477.7,933.1,11/1/2007
Home health care services,2007,12,494.74,934.6,12/1/2007
Home health care services,2008,1,489.06,933.6,1/1/2008
Home health care services,2008,2,495.06,934.8,2/1/2008
Home health care services,2008,3,504.58,941.7,3/1/2008
Home health care services,2008,4,497.08,947.4,4/1/2008
Home health care services,2008,5,504.02,952.7,5/1/2008
Home health care services,2008,6,511.24,960.6,6/1/2008
Home health care services,2008,7,510.09,966.7,7/1/2008
Home health care services,2008,8,517.14,971.4,8/1/2008
Home health care services,2008,9,523.91,972.7,9/1/2008
Home health care services,2008,10,525.06,978.7,10/1/2008
Home health care services,2008,11,535.51,987.1,11/1/2008
Home health care services,2008,12,525.31,989.3,12/1/2008
Home health care services,2009,1,518.02,985.2,1/1/2009
Home health care services,2009,2,529.53,994.9,2/1/2009
Home health care services,2009,3,529.25,1003,3/1/2009
Home health care services,2009,4,519.44,1015.1,4/1/2009
Home health care services,2009,5,520.08,1025.8,5/1/2009
Home health care services,2009,6,519.47,1031.1,6/1/2009
Home health care services,2009,7,531,1030.8,7/1/2009
Home health care services,2009,8,534.61,1033.3,8/1/2009
Home health care services,2009,9,531.21,1039.7,9/1/2009
Home health care services,2009,10,528.46,1049,10/1/2009
Home health care services,2009,11,538.5,1056.4,11/1/2009
Home health care services,2009,12,537.36,1061,12/1/2009
Home health care services,2010,1,530.62,1054.1,1/1/2010
Home health care services,2010,2,534.28,1053.9,2/1/2010
Home health care services,2010,3,533.48,1065.9,3/1/2010
Home health care services,2010,4,529.04,1076.3,4/1/2010
Home health care services,2010,5,532.14,1078.7,5/1/2010
Home health care services,2010,6,526.71,1081,6/1/2010
Home health care services,2010,7,530.27,1089.1,7/1/2010
Home health care services,2010,8,530.73,1089,8/1/2010
Home health care services,2010,9,530.27,1095.9,9/1/2010
Home health care services,2010,10,534.43,1104.8,10/1/2010
Home health care services,2010,11,535.37,1113.2,11/1/2010
Home health care services,2010,12,535.9,1112.9,12/1/2010
Home health care services,2011,1,542.8,1108.6,1/1/2011
Home health care services,2011,2,533.69,1119.2,2/1/2011
Home health care services,2011,3,532.92,1123.7,3/1/2011
Home health care services,2011,4,537.57,1131.8,4/1/2011
Home health care services,2011,5,539.41,1131.1,5/1/2011
Home health care services,2011,6,532.73,1137.3,6/1/2011
Home health care services,2011,7,538.64,1141.3,7/1/2011
Home health care services,2011,8,535.39,1148.6,8/1/2011
Home health care services,2011,9,536.54,1156.5,9/1/2011
Home health care services,2011,10,543.75,1160.5,10/1/2011
Home health care services,2011,11,539.85,1162.4,11/1/2011
Home health care services,2011,12,541.15,1162.9,12/1/2011
Home health care services,2012,1,551.45,1160.8,1/1/2012
Home health care services,2012,2,548.23,1167.9,2/1/2012
Home health care services,2012,3,547.49,1173.4,3/1/2012
Home health care services,2012,4,559.7,1181.6,4/1/2012
Home health care services,2012,5,552.96,1185.1,5/1/2012
Home health care services,2012,6,558.3,1183.5,6/1/2012
Home health care services,2012,7,564.63,1181,7/1/2012
Home health care services,2012,8,559.59,1182.9,8/1/2012
Home health care services,2012,9,565.66,1192.1,9/1/2012
Home health care services,2012,10,561.1,1199.2,10/1/2012
Home health care services,2012,11,562.85,1201,11/1/2012
Home health care services,2012,12,573.95,1211.9,12/1/2012
Home health care services,2013,1,559.47,1203.8,1/1/2013
Home health care services,2013,2,556.84,1210,2/1/2013
Home health care services,2013,3,555.68,1213,3/1/2013
Home health care services,2013,4,551.15,1223.3,4/1/2013
Home health care services,2013,5,550.86,1228.7,5/1/2013
Home health care services,2013,6,563.11,1230.4,6/1/2013
Home health care services,2013,7,560.8,1228.1,7/1/2013
Home health care services,2013,8,553.19,1238.6,8/1/2013
Home health care services,2013,9,559.48,1241.4,9/1/2013
Home health care services,2013,10,547.81,1243.6,10/1/2013
Home health care services,2013,11,546.07,1254.1,11/1/2013
Home health care services,2013,12,551.45,1248.8,12/1/2013
Home health care services,2014,1,542.59,1237.9,1/1/2014
Home health care services,2014,2,543.9,1233.6,2/1/2014
Home health care services,2014,3,544.91,1240,3/1/2014
Home health care services,2014,4,537.11,1245.9,4/1/2014
Home health care services,2014,5,529.94,1256.1,5/1/2014
Home health care services,2014,6,532.51,1260.8,6/1/2014
Home health care services,2014,7,530.1,1257.9,7/1/2014
Home health care services,2014,8,528.24,1264,8/1/2014
Home health care services,2014,9,532.25,1272,9/1/2014
Home health care services,2014,10,529.39,1286.3,10/1/2014
Home health care services,2014,11,534.76,1295.9,11/1/2014
Home health care services,2014,12,527.39,1297.8,12/1/2014
Nail salons,2006,1,0,29.3,1/1/2006
Nail salons,2006,2,0,29.6,2/1/2006
Nail salons,2006,3,305.16,29.3,3/1/2006
Nail salons,2006,4,328.21,30.4,4/1/2006
Nail salons,2006,5,311.8,31.3,5/1/2006
Nail salons,2006,6,335.34,31.9,6/1/2006
Nail salons,2006,7,342.63,31.9,7/1/2006
Nail salons,2006,8,332.56,31.9,8/1/2006
Nail salons,2006,9,318.53,32,9/1/2006
Nail salons,2006,10,305.47,32.1,10/1/2006
Nail salons,2006,11,292.94,31.4,11/1/2006
Nail salons,2006,12,296.01,30.9,12/1/2006
Nail salons,2007,1,293.66,31.1,1/1/2007
Nail salons,2007,2,291.54,31.3,2/1/2007
Nail salons,2007,3,287.43,32,3/1/2007
Nail salons,2007,4,303.61,33.6,4/1/2007
Nail salons,2007,5,297.06,35.3,5/1/2007
Nail salons,2007,6,297.84,37,6/1/2007
Nail salons,2007,7,313.12,36.8,7/1/2007
Nail salons,2007,8,308.57,36.6,8/1/2007
Nail salons,2007,9,316.24,37,9/1/2007
Nail salons,2007,10,286.14,37.4,10/1/2007
Nail salons,2007,11,290.64,36.6,11/1/2007
Nail salons,2007,12,305.62,36.2,12/1/2007
Nail salons,2008,1,293.22,35.8,1/1/2008
Nail salons,2008,2,308.3,34.7,2/1/2008
Nail salons,2008,3,325.46,35.1,3/1/2008
Nail salons,2008,4,299.74,36.4,4/1/2008
Nail salons,2008,5,315.81,37.3,5/1/2008
Nail salons,2008,6,330.27,37.7,6/1/2008
Nail salons,2008,7,317.38,39.5,7/1/2008
Nail salons,2008,8,324.84,39.3,8/1/2008
Nail salons,2008,9,318.86,39.1,9/1/2008
Nail salons,2008,10,323.15,39.2,10/1/2008
Nail salons,2008,11,333.2,39,11/1/2008
Nail salons,2008,12,325.75,39.2,12/1/2008
Nail salons,2009,1,320.57,38.1,1/1/2009
Nail salons,2009,2,328.25,37.9,2/1/2009
Nail salons,2009,3,320.26,38.2,3/1/2009
Nail salons,2009,4,310.25,39.9,4/1/2009
Nail salons,2009,5,330.8,39.9,5/1/2009
Nail salons,2009,6,326.27,41,6/1/2009
Nail salons,2009,7,313.3,41,7/1/2009
Nail salons,2009,8,341.1,40.4,8/1/2009
Nail salons,2009,9,315.01,41.1,9/1/2009
Nail salons,2009,10,304.95,40.9,10/1/2009
Nail salons,2009,11,311.64,40.3,11/1/2009
Nail salons,2009,12,305.64,39.7,12/1/2009
Nail salons,2010,1,301.43,40.6,1/1/2010
Nail salons,2010,2,307.95,39.3,2/1/2010
Nail salons,2010,3,298.25,40.5,3/1/2010
Nail salons,2010,4,317.09,40.9,4/1/2010
Nail salons,2010,5,330.45,42.5,5/1/2010
Nail salons,2010,6,330.57,43.1,6/1/2010
Nail salons,2010,7,329.6,44.2,7/1/2010
Nail salons,2010,8,342.26,44.9,8/1/2010
Nail salons,2010,9,337.92,44.8,9/1/2010
Nail salons,2010,10,338.13,44.8,10/1/2010
Nail salons,2010,11,328.69,44.6,11/1/2010
Nail salons,2010,12,322.02,44.8,12/1/2010
Nail salons,2011,1,327.19,44.7,1/1/2011
Nail salons,2011,2,304.79,45.1,2/1/2011
Nail salons,2011,3,304.22,45.9,3/1/2011
Nail salons,2011,4,323,47.4,4/1/2011
Nail salons,2011,5,327.1,48.6,5/1/2011
Nail salons,2011,6,328.29,49,6/1/2011
Nail salons,2011,7,325.28,50.5,7/1/2011
Nail salons,2011,8,314.99,51.4,8/1/2011
Nail salons,2011,9,316.18,51.4,9/1/2011
Nail salons,2011,10,322.97,50.2,10/1/2011
Nail salons,2011,11,308.07,50.4,11/1/2011
Nail salons,2011,12,313.04,51.3,12/1/2011
Nail salons,2012,1,300.2,52.3,1/1/2012
Nail salons,2012,2,302.59,52.7,2/1/2012
Nail salons,2012,3,294.4,53,3/1/2012
Nail salons,2012,4,286.97,54.6,4/1/2012
Nail salons,2012,5,280.21,53.8,5/1/2012
Nail salons,2012,6,291.07,55.9,6/1/2012
Nail salons,2012,7,298.28,57.3,7/1/2012
Nail salons,2012,8,293.36,57.9,8/1/2012
Nail salons,2012,9,294.22,57.6,9/1/2012
Nail salons,2012,10,287,56.8,10/1/2012
Nail salons,2012,11,287.65,57.6,11/1/2012
Nail salons,2012,12,302.35,57.2,12/1/2012
Nail salons,2013,1,292.86,58.4,1/1/2013
Nail salons,2013,2,303.26,58.5,2/1/2013
Nail salons,2013,3,292.18,59.6,3/1/2013
Nail salons,2013,4,286.23,61.8,4/1/2013
Nail salons,2013,5,298.83,64.6,5/1/2013
Nail salons,2013,6,307.37,65.1,6/1/2013
Nail salons,2013,7,301.93,65.1,7/1/2013
Nail salons,2013,8,303.31,65.5,8/1/2013
Nail salons,2013,9,301.84,64.7,9/1/2013
Nail salons,2013,10,283.82,64,10/1/2013
Nail salons,2013,11,295.12,63.7,11/1/2013
Nail salons,2013,12,307.19,62.2,12/1/2013
Nail salons,2014,1,292.92,62.9,1/1/2014
Nail salons,2014,2,309.41,64,2/1/2014
Nail salons,2014,3,314.93,66.6,3/1/2014
Nail salons,2014,4,305.53,70.4,4/1/2014
Nail salons,2014,5,320.36,72.8,5/1/2014
Nail salons,2014,6,326.86,73,6/1/2014
Nail salons,2014,7,322.9,74.9,7/1/2014
Nail salons,2014,8,327.47,74.4,8/1/2014
Nail salons,2014,9,318.27,74.4,9/1/2014
Nail salons,2014,10,319.24,72.8,10/1/2014
Nail salons,2014,11,329.78,73,11/1/2014
Nail salons,2014,12,316.01,72.5,12/1/2014